{
  "type": "FeatureCollection",
  "features": [
    {
      "type": "Feature",
      "properties": {
        "name": "Catchment Boundary",
        "feature_type": "catchment",
        "perimeter_m": 4320.0
      },
      "geometry": {
        "type": "Polygon",
        "coordinates": [
          [
            [
              81.28750137765999,
              21.251282460395505
            ],
            [
              81.28750155295563,
              21.251372813060442
            ],
            [
              81.2874051721721,
              21.251372977365133
            ],
            [
              81.28740534740989,
              21.251463330029864
            ],
            [
              81.28730896656668,
              21.25146349428023
            ],
            [
              81.28730914174663,
              21.25155384694476
            ],
            [
              81.28721276084373,
              21.251554011140797
            ],
            [
              81.28721346133773,
              21.25191542179229
            ],
            [
              81.28711708019885,
              21.2519155859363
            ],
            [
              81.2871172552659,
              21.25200593859751
            ],
            [
              81.28702087406732,
              21.252006102687194
            ],
            [
              81.28702104907651,
              21.2520964553482
            ],
            [
              81.28682828655907,
              21.252096783363818
            ],
            [
              81.28682846145166,
              21.25218713602538
            ],
            [
              81.2867320801328,
              21.25218729995132
            ],
            [
              81.28673225496753,
              21.25227765261268
            ],
            [
              81.28663587358896,
              21.252277816484288
            ],
            [
              81.2866362231437,
              21.25245852180563
            ],
            [
              81.28653984164667,
              21.25245868562367
            ],
            [
              81.28654019108755,
              21.252639390942658
            ],
            [
              81.28644380947209,
              21.25263955470713
            ],
            [
              81.28644468279656,
              21.253091317991462
            ],
            [
              81.28654106470587,
              21.253091154223174
            ],
            [
              81.2865412394323,
              21.253181506876366
            ],
            [
              81.28644485746422,
              21.253181670645414
            ],
            [
              81.28644503213279,
              21.253272023298408
            ],
            [
              81.28634865010501,
              21.253272187013124
            ],
            [
              81.28634882471574,
              21.253362539665908
            ],
            [
              81.28605967845058,
              21.253363030481772
            ],
            [
              81.28605985288593,
              21.253453383135863
            ],
            [
              81.28577070643615,
              21.253453873458167
            ],
            [
              81.2857708806961,
              21.253544226113583
            ],
            [
              81.28538535184848,
              21.25354487910837
            ],
            [
              81.28538639601693,
              21.254086995038715
            ],
            [
              81.2852900134501,
              21.254087158154228
            ],
            [
              81.28529036139604,
              21.25426786345811
            ],
            [
              81.28519397871075,
              21.254268026520045
            ],
            [
              81.28519450046022,
              21.25453908447088
            ],
            [
              81.28509811759768,
              21.25453924747999
            ],
            [
              81.28509846531772,
              21.254719952777226
            ],
            [
              81.28500208233672,
              21.254720115732756
            ],
            [
              81.28500242994285,
              21.254900821027622
            ],
            [
              81.28490604684337,
              21.254900983929573
            ],
            [
              81.28490639433565,
              21.25508168922208
            ],
            [
              81.2848100111177,
              21.255081852070447
            ],
            [
              81.28481018480643,
              21.255172204716008
            ],
            [
              81.2847138015288,
              21.25517236751004
            ],
            [
              81.28471397515966,
              21.255262720155383
            ],
            [
              81.28461759182234,
              21.255262882895067
            ],
            [
              81.28461793896926,
              21.255443588184374
            ],
            [
              81.28471432242415,
              21.255443425443165
            ],
            [
              81.28471501696409,
              21.255804836007112
            ],
            [
              81.28461863327409,
              21.255804998751344
            ],
            [
              81.28461880685259,
              21.255895351390663
            ],
            [
              81.28548626055854,
              21.25589388470214
            ],
            [
              81.28548643466696,
              21.255984237333664
            ],
            [
              81.28567920226465,
              21.25598391079525
            ],
            [
              81.28567937649156,
              21.256074263424292
            ],
            [
              81.28577576034779,
              21.25607410007167
            ],
            [
              81.28577593463439,
              21.25616445269898
            ],
            [
              81.28587231854848,
              21.2561642892905
            ],
            [
              81.2858724928948,
              21.256254641916076
            ],
            [
              81.2865471806792,
              21.256253496508513
            ],
            [
              81.28654735543788,
              21.256343849127795
            ],
            [
              81.28645097141266,
              21.256344012923513
            ],
            [
              81.2864516702215,
              21.256705423394003
            ],
            [
              81.28654805448183,
              21.25670525959523
            ],
            [
              81.28654857877446,
              21.256976317435633
            ],
            [
              81.28664496321024,
              21.256976153579473
            ],
            [
              81.28664601217311,
              21.257518269229543
            ],
            [
              81.28674239696065,
              21.2575181053137
            ],
            [
              81.2867425718498,
              21.257608457917883
            ],
            [
              81.28683895669522,
              21.257608293946173
            ],
            [
              81.28683913164407,
              21.257698646548643
            ],
            [
              81.2870319014497,
              21.257698318438372
            ],
            [
              81.28703207651706,
              21.257788671038337
            ],
            [
              81.28712846147728,
              21.257788506899782
            ],
            [
              81.28712863660434,
              21.257878859498007
            ],
            [
              81.28722502162242,
              21.257878695303585
            ],
            [
              81.28722519680919,
              21.257969047900083
            ],
            [
              81.28732158188514,
              21.257968883649784
            ],
            [
              81.28732175713161,
              21.258059236244545
            ],
            [
              81.28741814226541,
              21.258059071938376
            ],
            [
              81.28741831757162,
              21.258149424531407
            ],
            [
              81.28751470276327,
              21.258149260169372
            ],
            [
              81.28751487812917,
              21.25823961276066
            ],
            [
              81.28761126337871,
              21.25823944834275
            ],
            [
              81.28761143880432,
              21.258329800932312
            ],
            [
              81.28799698002832,
              21.25832914270652
            ],
            [
              81.28799715569001,
              21.258419495292056
            ],
            [
              81.28809354105249,
              21.258419330597064
            ],
            [
              81.2880937167739,
              21.258509683180858
            ],
            [
              81.28819010219422,
              21.258509518430003
            ],
            [
              81.28819027797535,
              21.258599871012063
            ],
            [
              81.28828666345353,
              21.258599706205327
            ],
            [
              81.28828683929439,
              21.25869005878565
            ],
            [
              81.28838322483044,
              21.25868989392304
            ],
            [
              81.28838357663248,
              21.258870599079245
            ],
            [
              81.28828719097883,
              21.25887076394339
            ],
            [
              81.28828736682246,
              21.25896111652081
            ],
            [
              81.28819098110911,
              21.258961281330603
            ],
            [
              81.28819133268156,
              21.25914198648406
            ],
            [
              81.28838410434248,
              21.259141656806282
            ],
            [
              81.28838428024768,
              21.25923200938002
            ],
            [
              81.28848066613554,
              21.259231844457698
            ],
            [
              81.28848049017155,
              21.259141491884726
            ],
            [
              81.28915519094909,
              21.25914033589075
            ],
            [
              81.28915501457449,
              21.25904998332218
            ],
            [
              81.29011887216112,
              21.259048327225525
            ],
            [
              81.29011869519958,
              21.258957974663705
            ],
            [
              81.29050423797295,
              21.258957310685048
            ],
            [
              81.29050352919546,
              21.2585959004404
            ],
            [
              81.29059991465132,
              21.258595734311054
            ],
            [
              81.2905997374005,
              21.25850538174824
            ],
            [
              81.29069612279662,
              21.258505215564558
            ],
            [
              81.29069594548794,
              21.25841486300155
            ],
            [
              81.29079233082435,
              21.25841469676353
            ],
            [
              81.29079215345782,
              21.258324344200325
            ],
            [
              81.2908885387345,
              21.25832417790797
            ],
            [
              81.29088836131011,
              21.25823382534458
            ],
            [
              81.29098474652709,
              21.25823365899789
            ],
            [
              81.2909842140832,
              21.257962601304197
            ],
            [
              81.29108059912285,
              21.257962434904726
            ],
            [
              81.29108042158464,
              21.257872082339
            ],
            [
              81.29117680656458,
              21.257871915885193
            ],
            [
              81.29117662896853,
              21.257781563319277
            ],
            [
              81.29165855356027,
              21.25778073022753
            ],
            [
              81.29165837567123,
              21.25769037766452
            ],
            [
              81.29185114538379,
              21.257690044043628
            ],
            [
              81.29185096737811,
              21.257599691481193
            ],
            [
              81.29194735217419,
              21.257599524588862
            ],
            [
              81.29194699604807,
              21.257418819462643
            ],
            [
              81.29204338072564,
              21.257418652516765
            ],
            [
              81.29204302448572,
              21.257237947388223
            ],
            [
              81.2919466399257,
              21.257238114332548
            ],
            [
              81.29194628380709,
              21.257057409198577
            ],
            [
              81.29184989936371,
              21.257057576086236
            ],
            [
              81.29184918737289,
              21.25669616580356
            ],
            [
              81.29194557158115,
              21.256695998918996
            ],
            [
              81.2919452154738,
              21.256515293773397
            ],
            [
              81.2918488313831,
              21.25651546065641
            ],
            [
              81.29184847539709,
              21.256334755505375
            ],
            [
              81.291752091423,
              21.25633492233173
            ],
            [
              81.29175173555831,
              21.25615421717527
            ],
            [
              81.29184811941481,
              21.256154050350464
            ],
            [
              81.29184794142509,
              21.25606369777156
            ],
            [
              81.29194432522188,
              21.256063530892433
            ],
            [
              81.2919441471743,
              21.255973178313333
            ],
            [
              81.29213691464753,
              21.255972844391323
            ],
            [
              81.29213673648333,
              21.25588249181281
            ],
            [
              81.29300418953721,
              21.255880986443277
            ],
            [
              81.29300436823041,
              21.25597133901478
            ],
            [
              81.29338990313165,
              21.255970668525908
            ],
            [
              81.29338972420334,
              21.25588031595752
            ],
            [
              81.29348610786752,
              21.25588014819833
            ],
            [
              81.2934855709119,
              21.255609090489678
            ],
            [
              81.29358195439879,
              21.255608922677727
            ],
            [
              81.29358105919776,
              21.2551571598145
            ],
            [
              81.29367744238982,
              21.25515699195136
            ],
            [
              81.29367726329367,
              21.255066639376594
            ],
            [
              81.29358088016038,
              21.255066807238958
            ],
            [
              81.29358052208846,
              21.25488610208495
            ],
            [
              81.29348413907178,
              21.25488626989064
            ],
            [
              81.29348324420239,
              21.25443450698476
            ],
            [
              81.2935796269252,
              21.25443433918296
            ],
            [
              81.2935792688665,
              21.25425363401538
            ],
            [
              81.29348288626124,
              21.254253801815622
            ],
            [
              81.29348252832386,
              21.254073096642603
            ],
            [
              81.2932897633456,
              21.25407343207467
            ],
            [
              81.29328994219627,
              21.254163784663216
            ],
            [
              81.29261526433126,
              21.254164956945377
            ],
            [
              81.29261544277146,
              21.25425530953842
            ],
            [
              81.29251906015678,
              21.254255476787687
            ],
            [
              81.29251888177535,
              21.25416512419387
            ],
            [
              81.29242249921849,
              21.25416529138727
            ],
            [
              81.29242214257602,
              21.253984586195177
            ],
            [
              81.29232576013577,
              21.25398475333192
            ],
            [
              81.29232558187469,
              21.253894400733635
            ],
            [
              81.2919400523394,
              21.253895068726553
            ],
            [
              81.29193987431437,
              21.253804716124208
            ],
            [
              81.29184349198697,
              21.253804882983918
            ],
            [
              81.29184331402163,
              21.25371453037982
            ],
            [
              81.29174693175207,
              21.25371469718366
            ],
            [
              81.29174657594179,
              21.253533991970993
            ],
            [
              81.29165019378883,
              21.253534158718193
            ],
            [
              81.29164948241458,
              21.25317274827813
            ],
            [
              81.29174586433247,
              21.25317258153403
            ],
            [
              81.29174444115887,
              21.252449760613604
            ],
            [
              81.29184082260566,
              21.252449593820632
            ],
            [
              81.29184064465441,
              21.252359241201994
            ],
            [
              81.29193702604151,
              21.252359074354704
            ],
            [
              81.2919366700243,
              21.25217836911607
            ],
            [
              81.29203305129292,
              21.25217820221524
            ],
            [
              81.29203287322696,
              21.252087849595256
            ],
            [
              81.29212925443588,
              21.252087682640106
            ],
            [
              81.29212889818923,
              21.251906977398768
            ],
            [
              81.29222527927969,
              21.251906810390093
            ],
            [
              81.2922247447405,
              21.25163575252316
            ],
            [
              81.29212836382634,
              21.2516359195295
            ],
            [
              81.2921278294719,
              21.25136486165151
            ],
            [
              81.29203144873308,
              21.25136502860044
            ],
            [
              81.29203127067558,
              21.25127467597173
            ],
            [
              81.29135660588906,
              21.251275843066313
            ],
            [
              81.29135678353522,
              21.251366195700456
            ],
            [
              81.29126040278892,
              21.25136636220868
            ],
            [
              81.29126022520151,
              21.251276009573765
            ],
            [
              81.29077832174978,
              21.25127684128467
            ],
            [
              81.29077814445714,
              21.251186488644915
            ],
            [
              81.29048900255115,
              21.251186987008094
            ],
            [
              81.29048882543572,
              21.251096634365048
            ],
            [
              81.29039244485729,
              21.25109680037515
            ],
            [
              81.29039226780156,
              21.251006447730365
            ],
            [
              81.29029588728096,
              21.251006613684613
            ],
            [
              81.29029571028492,
              21.25091626103809
            ],
            [
              81.29019932982216,
              21.250916426936474
            ],
            [
              81.2901991528858,
              21.25082607428821
            ],
            [
              81.29010277248086,
              21.25082624013074
            ],
            [
              81.29010259560422,
              21.25073588748073
            ],
            [
              81.2900062152571,
              21.250736053267403
            ],
            [
              81.29000603844015,
              21.250645700615653
            ],
            [
              81.28990965815086,
              21.250645866346467
            ],
            [
              81.28990983490905,
              21.250736218998988
            ],
            [
              81.28981345456008,
              21.250736384675488
            ],
            [
              81.28981363126043,
              21.250826737327813
            ],
            [
              81.28971725085175,
              21.250826902949992
            ],
            [
              81.2897174274943,
              21.25091725560212
            ],
            [
              81.28962104702592,
              21.250917421169987
            ],
            [
              81.28962122361062,
              21.251007773821918
            ],
            [
              81.28952484308255,
              21.251007939335466
            ],
            [
              81.28952501960943,
              21.251098291987194
            ],
            [
              81.28942863902168,
              21.251098457446435
            ],
            [
              81.28942881549071,
              21.25118881009796
            ],
            [
              81.28933243484326,
              21.251188975502874
            ],
            [
              81.28933261125447,
              21.25127932815421
            ],
            [
              81.28923623054732,
              21.251279493504803
            ],
            [
              81.28923640690068,
              21.251369846155935
            ],
            [
              81.28914002613386,
              21.251370011452217
            ],
            [
              81.2891402024294,
              21.251460364103146
            ],
            [
              81.28904382160287,
              21.25146052934511
            ],
            [
              81.28904399784058,
              21.25155088199584
            ],
            [
              81.28827295072479,
              21.25155220195447
            ],
            [
              81.28827277495719,
              21.2514618492976
            ],
            [
              81.2881763941223,
              21.251462014043756
            ],
            [
              81.28817621841439,
              21.251371661385143
            ],
            [
              81.28807983763735,
              21.251371826075456
            ],
            [
              81.2880793106955,
              21.251100768091508
            ],
            [
              81.28779016888767,
              21.251101261825006
            ],
            [
              81.28779034435773,
              21.251191614489585
            ],
            [
              81.28769396369451,
              21.251191778958013
            ],
            [
              81.28769413910675,
              21.251282131622386
            ],
            [
              81.28750137765999,
              21.251282460395505
            ]
          ],
          [
            [
              81.28654700592143,
              21.256163143888262
            ],
            [
              81.28664338982817,
              21.256162980038958
            ],
            [
              81.28664356464472,
              21.25625333265845
            ],
            [
              81.2865471806792,
              21.256253496508513
            ],
            [
              81.28654700592143,
              21.256163143888262
            ]
          ]
        ]
      }
    },
    {
      "type": "Feature",
      "properties": {
        "name": "Drainage / Stream Network",
        "feature_type": "drainage",
        "threshold_cells": 615.1600000000035,
        "threshold_area_m2": 61516.00000000035
      },
      "geometry": {
        "type": "MultiLineString",
        "coordinates": [
          [
            [
              81.28670796178051,
              21.239718623392307
            ],
            [
              81.28661158856751,
              21.23971878715792
            ]
          ],
          [
            [
              81.28680450975881,
              21.239808812365915
            ],
            [
              81.28670796178051,
              21.239718623392307
            ]
          ],
          [
            [
              81.2976946833449,
              21.23978994593171
            ],
            [
              81.29779105650857,
              21.23978977583396
            ]
          ],
          [
            [
              81.29779105650857,
              21.23978977583396
            ],
            [
              81.29779087504784,
              21.23969942312831
            ]
          ],
          [
            [
              81.28680468452598,
              21.239899165159215
            ],
            [
              81.28680450975881,
              21.239808812365915
            ]
          ],
          [
            [
              81.29769486474785,
              21.239880298637175
            ],
            [
              81.2976946833449,
              21.23978994593171
            ]
          ],
          [
            [
              81.28680485929408,
              21.23998951795156
            ],
            [
              81.28680468452598,
              21.239899165159215
            ]
          ],
          [
            [
              81.2975986728697,
              21.23997082138595
            ],
            [
              81.29769504615179,
              21.23997065134167
            ]
          ],
          [
            [
              81.29769504615179,
              21.23997065134167
            ],
            [
              81.29769486474785,
              21.239880298637175
            ]
          ],
          [
            [
              81.28680503406308,
              21.24007987074292
            ],
            [
              81.28680485929408,
              21.23998951795156
            ]
          ],
          [
            [
              81.29750248087409,
              21.24006134408029
            ],
            [
              81.2975986728697,
              21.23997082138595
            ]
          ],
          [
            [
              81.28680520883302,
              21.240170223533326
            ],
            [
              81.28680503406308,
              21.24007987074292
            ]
          ],
          [
            [
              81.29750266216249,
              21.24015169678443
            ],
            [
              81.29750248087409,
              21.24006134408029
            ]
          ],
          [
            [
              81.28670901003946,
              21.240260740148006
            ],
            [
              81.28680520883302,
              21.240170223533326
            ]
          ],
          [
            [
              81.29750284345182,
              21.240242049487602
            ],
            [
              81.29750266216249,
              21.24015169678443
            ]
          ],
          [
            [
              81.2867091847525,
              21.24035109293723
            ],
            [
              81.28670901003946,
              21.240260740148006
            ]
          ],
          [
            [
              81.29750302474213,
              21.240332402189814
            ],
            [
              81.29750284345182,
              21.240242049487602
            ]
          ],
          [
            [
              81.28670935946647,
              21.240441445725487
            ],
            [
              81.2867091847525,
              21.24035109293723
            ]
          ],
          [
            [
              81.29750320603337,
              21.240422754891046
            ],
            [
              81.29750302474213,
              21.240332402189814
            ]
          ],
          [
            [
              81.28670953418137,
              21.24053179851278
            ],
            [
              81.28670935946647,
              21.240441445725487
            ]
          ],
          [
            [
              81.29750338732559,
              21.24051310759132
            ],
            [
              81.29750320603337,
              21.240422754891046
            ]
          ],
          [
            [
              81.2820837654515,
              21.240629950309238
            ],
            [
              81.28198756344649,
              21.240720464262104
            ]
          ],
          [
            [
              81.28218013929472,
              21.24062978912372
            ],
            [
              81.2820837654515,
              21.240629950309238
            ]
          ],
          [
            [
              81.28227651313703,
              21.24062962788314
            ],
            [
              81.28218013929472,
              21.24062978912372
            ]
          ],
          [
            [
              81.28237288697844,
              21.24062946658751
            ],
            [
              81.28227651313703,
              21.24062962788314
            ]
          ],
          [
            [
              81.28670970889719,
              21.240622151299096
            ],
            [
              81.28670953418137,
              21.24053179851278
            ]
          ],
          [
            [
              81.29750356861877,
              21.240603460290615
            ],
            [
              81.29750338732559,
              21.24051310759132
            ]
          ],
          [
            [
              81.28131294610118,
              21.240721590638937
            ],
            [
              81.2812165721911,
              21.240721751329676
            ]
          ],
          [
            [
              81.28140932001037,
              21.24072142989314
            ],
            [
              81.28131294610118,
              21.240721590638937
            ]
          ],
          [
            [
              81.28150569391866,
              21.24072126909228
            ],
            [
              81.28140932001037,
              21.24072142989314
            ]
          ],
          [
            [
              81.28160206782603,
              21.240721108236357
            ],
            [
              81.28150569391866,
              21.24072126909228
            ]
          ],
          [
            [
              81.28169844173252,
              21.240720947325382
            ],
            [
              81.28160206782603,
              21.240721108236357
            ]
          ],
          [
            [
              81.28179481563808,
              21.240720786359347
            ],
            [
              81.28169844173252,
              21.240720947325382
            ]
          ],
          [
            [
              81.28189118954275,
              21.240720625338255
            ],
            [
              81.28179481563808,
              21.240720786359347
            ]
          ],
          [
            [
              81.28198756344649,
              21.240720464262104
            ],
            [
              81.28189118954275,
              21.240720625338255
            ]
          ],
          [
            [
              81.28237305905246,
              21.240719819406927
            ],
            [
              81.28237288697844,
              21.24062946658751
            ]
          ],
          [
            [
              81.28670988361392,
              21.24071250408445
            ],
            [
              81.28670970889719,
              21.240622151299096
            ]
          ],
          [
            [
              81.29750374991289,
              21.240693812988948
            ],
            [
              81.29750356861877,
              21.240603460290615
            ]
          ],
          [
            [
              81.2823732311274,
              21.240810172225363
            ],
            [
              81.28237305905246,
              21.240719819406927
            ]
          ],
          [
            [
              81.2867100583316,
              21.240802856868832
            ],
            [
              81.28670988361392,
              21.24071250408445
            ]
          ],
          [
            [
              81.29750393120798,
              21.24078416568631
            ],
            [
              81.29750374991289,
              21.240693812988948
            ]
          ],
          [
            [
              81.28227702918565,
              21.24090068634073
            ],
            [
              81.2823732311274,
              21.240810172225363
            ]
          ],
          [
            [
              81.28671023305017,
              21.24089320965225
            ],
            [
              81.2867100583316,
              21.240802856868832
            ]
          ],
          [
            [
              81.29750411250401,
              21.240874518382704
            ],
            [
              81.29750393120798,
              21.24078416568631
            ]
          ],
          [
            [
              81.28227720120367,
              21.240991039157986
            ],
            [
              81.28227702918565,
              21.24090068634073
            ]
          ],
          [
            [
              81.2868067818039,
              21.240983398603348
            ],
            [
              81.28671023305017,
              21.24089320965225
            ]
          ],
          [
            [
              81.29750429380101,
              21.240964871078134
            ],
            [
              81.29750411250401,
              21.240874518382704
            ]
          ],
          [
            [
              81.28227737322261,
              21.241081391974266
            ],
            [
              81.28227720120367,
              21.240991039157986
            ]
          ],
          [
            [
              81.28680695658305,
              21.241073751384068
            ],
            [
              81.2868067818039,
              21.240983398603348
            ]
          ],
          [
            [
              81.29750447509896,
              21.241055223772587
            ],
            [
              81.29750429380101,
              21.240964871078134
            ]
          ],
          [
            [
              81.31022583309425,
              21.2410323079028
            ],
            [
              81.31012964822675,
              21.241122837701848
            ]
          ],
          [
            [
              81.31032220695303,
              21.241032130636324
            ],
            [
              81.31022583309425,
              21.2410323079028
            ]
          ],
          [
            [
              81.28237391943621,
              21.241171583489454
            ],
            [
              81.28227737322261,
              21.241081391974266
            ]
          ],
          [
            [
              81.28680713136313,
              21.24116410416381
            ],
            [
              81.28680695658305,
              21.241073751384068
            ]
          ],
          [
            [
              81.29760103044435,
              21.241145406466565
            ],
            [
              81.29750447509896,
              21.241055223772587
            ]
          ],
          [
            [
              81.31012964822675,
              21.241122837701848
            ],
            [
              81.31003346324178,
              21.241213367446512
            ]
          ],
          [
            [
              81.28247046576728,
              21.24126177494711
            ],
            [
              81.28237391943621,
              21.241171583489454
            ]
          ],
          [
            [
              81.28680730614413,
              21.241254456942592
            ],
            [
              81.28680713136313,
              21.24116410416381
            ]
          ],
          [
            [
              81.29769758590722,
              21.241235589102928
            ],
            [
              81.29760103044435,
              21.241145406466565
            ]
          ],
          [
            [
              81.31003346324178,
              21.241213367446512
            ],
            [
              81.30993727813936,
              21.2413038971368
            ]
          ],
          [
            [
              81.28247063790639,
              21.241352127758983
            ],
            [
              81.28247046576728,
              21.24126177494711
            ]
          ],
          [
            [
              81.28680748092606,
              21.241344809720403
            ],
            [
              81.28680730614413,
              21.241254456942592
            ]
          ],
          [
            [
              81.29779414148751,
              21.241325771681677
            ],
            [
              81.29769758590722,
              21.241235589102928
            ]
          ],
          [
            [
              81.30993727813936,
              21.2413038971368
            ],
            [
              81.30984109291947,
              21.241394426772715
            ]
          ],
          [
            [
              81.28256718441456,
              21.241442319157386
            ],
            [
              81.28247063790639,
              21.241352127758983
            ]
          ],
          [
            [
              81.2868076557089,
              21.241435162497247
            ],
            [
              81.28680748092606,
              21.241344809720403
            ]
          ],
          [
            [
              81.2978906971853,
              21.24141595420282
            ],
            [
              81.29779414148751,
              21.241325771681677
            ]
          ],
          [
            [
              81.30984109291947,
              21.241394426772715
            ],
            [
              81.30974490758214,
              21.241484956354235
            ]
          ],
          [
            [
              81.28266373104016,
              21.241532510498256
            ],
            [
              81.28256718441456,
              21.241442319157386
            ]
          ],
          [
            [
              81.28680783049265,
              21.24152551527312
            ],
            [
              81.2868076557089,
              21.241435162497247
            ]
          ],
          [
            [
              81.29798725300051,
              21.24150613666635
            ],
            [
              81.2978906971853,
              21.24141595420282
            ]
          ],
          [
            [
              81.30974490758214,
              21.241484956354235
            ],
            [
              81.30964872212735,
              21.241575485881384
            ]
          ],
          [
            [
              81.28276027778325,
              21.241622701781587
            ],
            [
              81.28266373104016,
              21.241532510498256
            ]
          ],
          [
            [
              81.28680800527734,
              21.24161586804802
            ],
            [
              81.28680783049265,
              21.24152551527312
            ]
          ],
          [
            [
              81.2980838089332,
              21.241596319072258
            ],
            [
              81.29798725300051,
              21.24150613666635
            ]
          ],
          [
            [
              81.29818018326758,
              21.241596148738424
            ],
            [
              81.2980838089332,
              21.241596319072258
            ]
          ],
          [
            [
              81.30926322524887,
              21.241576193095057
            ],
            [
              81.30916703943771,
              21.241666722350878
            ]
          ],
          [
            [
              81.30935959946999,
              21.241576016374225
            ],
            [
              81.30926322524887,
              21.241576193095057
            ]
          ],
          [
            [
              81.3094559736901,
              21.24157583959834
            ],
            [
              81.30935959946999,
              21.241576016374225
            ]
          ],
          [
            [
              81.30955234790923,
              21.24157566276739
            ],
            [
              81.3094559736901,
              21.24157583959834
            ]
          ],
          [
            [
              81.30964872212735,
              21.241575485881384
            ],
            [
              81.30955234790923,
              21.24157566276739
            ]
          ],
          [
            [
              81.28285682464379,
              21.241712893007396
            ],
            [
              81.28276027778325,
              21.241622701781587
            ]
          ],
          [
            [
              81.28295319918448,
              21.241712731372385
            ],
            [
              81.28285682464379,
              21.241712893007396
            ]
          ],
          [
            [
              81.28680818006295,
              21.241706220821964
            ],
            [
              81.28680800527734,
              21.24161586804802
            ]
          ],
          [
            [
              81.2982767393755,
              21.24168633103087
            ],
            [
              81.29818018326758,
              21.241596148738424
            ]
          ],
          [
            [
              81.2983731137667,
              21.241686160586124
            ],
            [
              81.2982767393755,
              21.24168633103087
            ]
          ],
          [
            [
              81.30916703943771,
              21.241666722350878
            ],
            [
              81.30907085350911,
              21.2417572515523
            ]
          ],
          [
            [
              81.2830497462203,
              21.241802922484833
            ],
            [
              81.28295319918448,
              21.241712731372385
            ]
          ],
          [
            [
              81.2831461208179,
              21.241802760738953
            ],
            [
              81.2830497462203,
              21.241802922484833
            ]
          ],
          [
            [
              81.28680835484948,
              21.24179657359493
            ],
            [
              81.28680818006295,
              21.241706220821964
            ]
          ],
          [
            [
              81.29846967004984,
              21.241776342765093
            ],
            [
              81.2983731137667,
              21.241686160586124
            ]
          ],
          [
            [
              81.30907085350911,
              21.2417572515523
            ],
            [
              81.30907104186332,
              21.241847604141242
            ]
          ],
          [
            [
              81.28324266802902,
              21.241892951738055
            ],
            [
              81.2831461208179,
              21.241802760738953
            ]
          ],
          [
            [
              81.28680852963693,
              21.24188692636693
            ],
            [
              81.28680835484948,
              21.24179657359493
            ]
          ],
          [
            [
              81.29856622645045,
              21.241866524886447
            ],
            [
              81.29846967004984,
              21.241776342765093
            ]
          ],
          [
            [
              81.30907104186332,
              21.241847604141242
            ],
            [
              81.30897485575952,
              21.24193813328814
            ]
          ],
          [
            [
              81.28333921535757,
              21.241983142679626
            ],
            [
              81.28324266802902,
              21.241892951738055
            ]
          ],
          [
            [
              81.2868087044253,
              21.241977279137956
            ],
            [
              81.28680852963693,
              21.24188692636693
            ]
          ],
          [
            [
              81.29249480891762,
              21.241967515134245
            ],
            [
              81.29239861248801,
              21.242058034948002
            ]
          ],
          [
            [
              81.292591183542,
              21.24196734799081
            ],
            [
              81.29249480891762,
              21.241967515134245
            ]
          ],
          [
            [
              81.29268755816544,
              21.241967180792308
            ],
            [
              81.292591183542,
              21.24196734799081
            ]
          ],
          [
            [
              81.29278393278793,
              21.24196701353875
            ],
            [
              81.29268755816544,
              21.241967180792308
            ]
          ],
          [
            [
              81.29866278296852,
              21.24195670695019
            ],
            [
              81.29856622645045,
              21.241866524886447
            ]
          ],
          [
            [
              81.30897485575952,
              21.24193813328814
            ],
            [
              81.30887866953825,
              21.24202866238065
            ]
          ],
          [
            [
              81.28333938803253,
              21.242073495476983
            ],
            [
              81.28333921535757,
              21.241983142679626
            ]
          ],
          [
            [
              81.2868088792146,
              21.24206763190801
            ],
            [
              81.2868087044253,
              21.241977279137956
            ]
          ],
          [
            [
              81.29239861248801,
              21.242058034948002
            ],
            [
              81.29239879068467,
              21.24214838767242
            ]
          ],
          [
            [
              81.29278411121858,
              21.242057366261015
            ],
            [
              81.29278393278793,
              21.24196701353875
            ]
          ],
          [
            [
              81.29875933960405,
              21.242046888956306
            ],
            [
              81.29866278296852,
              21.24195670695019
            ]
          ],
          [
            [
              81.29943396193309,
              21.242045692737396
            ],
            [
              81.29933776974288,
              21.24213621645875
            ]
          ],
          [
            [
              81.29953033654768,
              21.242045521628732
            ],
            [
              81.29943396193309,
              21.242045692737396
            ]
          ],
          [
            [
              81.29962671116131,
              21.242045350465006
            ],
            [
              81.29953033654768,
              21.242045521628732
            ]
          ],
          [
            [
              81.29972308577396,
              21.242045179246222
            ],
            [
              81.29962671116131,
              21.242045350465006
            ]
          ],
          [
            [
              81.29981946038566,
              21.242045007972376
            ],
            [
              81.29972308577396,
              21.242045179246222
            ]
          ],
          [
            [
              81.29991583499638,
              21.242044836643466
            ],
            [
              81.29981946038566,
              21.242045007972376
            ]
          ],
          [
            [
              81.30001220960617,
              21.242044665259492
            ],
            [
              81.29991583499638,
              21.242044836643466
            ]
          ],
          [
            [
              81.30010858421497,
              21.24204449382046
            ],
            [
              81.30001220960617,
              21.242044665259492
            ]
          ],
          [
            [
              81.30020495882282,
              21.242044322326368
            ],
            [
              81.30010858421497,
              21.24204449382046
            ]
          ],
          [
            [
              81.30030133342969,
              21.24204415077721
            ],
            [
              81.30020495882282,
              21.242044322326368
            ]
          ],
          [
            [
              81.30039770803559,
              21.242043979172994
            ],
            [
              81.30030133342969,
              21.24204415077721
            ]
          ],
          [
            [
              81.30049408264053,
              21.242043807513713
            ],
            [
              81.30039770803559,
              21.242043979172994
            ]
          ],
          [
            [
              81.30059045724451,
              21.24204363579937
            ],
            [
              81.30049408264053,
              21.242043807513713
            ]
          ],
          [
            [
              81.30068683184753,
              21.242043464029972
            ],
            [
              81.30059045724451,
              21.24204363579937
            ]
          ],
          [
            [
              81.30078320644957,
              21.242043292205512
            ],
            [
              81.30068683184753,
              21.242043464029972
            ]
          ],
          [
            [
              81.30887866953825,
              21.24202866238065
            ],
            [
              81.30878248319951,
              21.242119191418784
            ]
          ],
          [
            [
              81.28343593553821,
              21.242163686359294
            ],
            [
              81.28333938803253,
              21.242073495476983
            ]
          ],
          [
            [
              81.28680905400482,
              21.242157984677114
            ],
            [
              81.2868088792146,
              21.24206763190801
            ]
          ],
          [
            [
              81.29239879068467,
              21.24214838767242
            ],
            [
              81.29239896888227,
              21.24223874039587
            ]
          ],
          [
            [
              81.29288066438917,
              21.24214755167214
            ],
            [
              81.29278411121858,
              21.242057366261015
            ]
          ],
          [
            [
              81.29885589635703,
              21.242137070904807
            ],
            [
              81.29875933960405,
              21.242046888956306
            ]
          ],
          [
            [
              81.29933776974288,
              21.24213621645875
            ],
            [
              81.29924157743518,
              21.242226740125666
            ]
          ],
          [
            [
              81.30087976441567,
              21.242133472980964
            ],
            [
              81.30078320644957,
              21.242043292205512
            ]
          ],
          [
            [
              81.3009761390745,
              21.242133301045577
            ],
            [
              81.30087976441567,
              21.242133472980964
            ]
          ],
          [
            [
              81.3010725137324,
              21.242133129055123
            ],
            [
              81.3009761390745,
              21.242133301045577
            ]
          ],
          [
            [
              81.3011688883893,
              21.242132957009613
            ],
            [
              81.3010725137324,
              21.242133129055123
            ]
          ],
          [
            [
              81.30126526304522,
              21.242132784909046
            ],
            [
              81.3011688883893,
              21.242132957009613
            ]
          ],
          [
            [
              81.30136163770018,
              21.24213261275341
            ],
            [
              81.30126526304522,
              21.242132784909046
            ]
          ],
          [
            [
              81.3014580123542,
              21.242132440542704
            ],
            [
              81.30136163770018,
              21.24213261275341
            ]
          ],
          [
            [
              81.30155438700723,
              21.242132268276947
            ],
            [
              81.3014580123542,
              21.242132440542704
            ]
          ],
          [
            [
              81.30165076165929,
              21.24213209595613
            ],
            [
              81.30155438700723,
              21.242132268276947
            ]
          ],
          [
            [
              81.30878248319951,
              21.242119191418784
            ],
            [
              81.30868629674332,
              21.24220972040252
            ]
          ],
          [
            [
              81.28343610827372,
              21.24225403915396
            ],
            [
              81.28343593553821,
              21.242163686359294
            ]
          ],
          [
            [
              81.28680922879596,
              21.24224833744524
            ],
            [
              81.28680905400482,
              21.242157984677114
            ]
          ],
          [
            [
              81.28864035089296,
              21.24224521398487
            ],
            [
              81.28854415190334,
              21.24233573162646
            ]
          ],
          [
            [
              81.29239896888227,
              21.24223874039587
            ],
            [
              81.29239914708081,
              21.242329093118343
            ]
          ],
          [
            [
              81.29297721767725,
              21.242237737025672
            ],
            [
              81.29288066438917,
              21.24214755167214
            ]
          ],
          [
            [
              81.29895245322749,
              21.242227252795686
            ],
            [
              81.29885589635703,
              21.242137070904807
            ]
          ],
          [
            [
              81.29924157743518,
              21.242226740125666
            ],
            [
              81.29914538501004,
              21.242317263738144
            ]
          ],
          [
            [
              81.30174732020495,
              21.242222276227043
            ],
            [
              81.30165076165929,
              21.24213209595613
            ]
          ],
          [
            [
              81.30868629674332,
              21.24220972040252
            ],
            [
              81.30859011016966,
              21.24230024933187
            ]
          ],
          [
            [
              81.28343628101015,
              21.242344391947665
            ],
            [
              81.28343610827372,
              21.24225403915396
            ]
          ],
          [
            [
              81.28680940358802,
              21.2423386902124
            ],
            [
              81.28680922879596,
              21.24224833744524
            ]
          ],
          [
            [
              81.28854415190334,
              21.24233573162646
            ],
            [
              81.28844795279625,
              21.242426249213565
            ]
          ],
          [
            [
              81.29239914708081,
              21.242329093118343
            ],
            [
              81.29230295036037,
              21.242419612877057
            ]
          ],
          [
            [
              81.29307377108279,
              21.242327922321618
            ],
            [
              81.29297721767725,
              21.242237737025672
            ]
          ],
          [
            [
              81.29317014593644,
              21.24232775484469
            ],
            [
              81.29307377108279,
              21.242327922321618
            ]
          ],
          [
            [
              81.29326652078915,
              21.242327587312705
            ],
            [
              81.29317014593644,
              21.24232775484469
            ]
          ],
          [
            [
              81.29336289564093,
              21.242327419725655
            ],
            [
              81.29326652078915,
              21.242327587312705
            ]
          ],
          [
            [
              81.29345927049175,
              21.24232725208354
            ],
            [
              81.29336289564093,
              21.242327419725655
            ]
          ],
          [
            [
              81.29904901021541,
              21.24231743462894
            ],
            [
              81.29895245322749,
              21.242227252795686
            ]
          ],
          [
            [
              81.29914538501004,
              21.242317263738144
            ],
            [
              81.29904901021541,
              21.24231743462894
            ]
          ],
          [
            [
              81.3018438788681,
              21.242312456440324
            ],
            [
              81.30174732020495,
              21.242222276227043
            ]
          ],
          [
            [
              81.30859011016966,
              21.24230024933187
            ],
            [
              81.30859029823617,
              21.2423906019191
            ]
          ],
          [
            [
              81.2834364537475,
              21.24243474474039
            ],
            [
              81.28343628101015,
              21.242344391947665
            ]
          ],
          [
            [
              81.28680957838101,
              21.242429042978586
            ],
            [
              81.28680940358802,
              21.2423386902124
            ]
          ],
          [
            [
              81.28844795279625,
              21.242426249213565
            ],
            [
              81.28835175357169,
              21.242516766746167
            ]
          ],
          [
            [
              81.29230295036037,
              21.242419612877057
            ],
            [
              81.29220675352246,
              21.24251013258129
            ]
          ],
          [
            [
              81.2935558242459,
              21.242417437098517
            ],
            [
              81.29345927049175,
              21.24232725208354
            ]
          ],
          [
            [
              81.29403769877484,
              21.242416597782796
            ],
            [
              81.29394150301107,
              21.24250711846413
            ]
          ],
          [
            [
              81.29413407367778,
              21.242416429754467
            ],
            [
              81.29403769877484,
              21.242416597782796
            ]
          ],
          [
            [
              81.29423044857978,
              21.242416261671067
            ],
            [
              81.29413407367778,
              21.242416429754467
            ]
          ],
          [
            [
              81.29432682348084,
              21.242416093532608
            ],
            [
              81.29423044857978,
              21.242416261671067
            ]
          ],
          [
            [
              81.29442319838095,
              21.242415925339085
            ],
            [
              81.29432682348084,
              21.242416093532608
            ]
          ],
          [
            [
              81.29451957328013,
              21.2424157570905
            ],
            [
              81.29442319838095,
              21.242415925339085
            ]
          ],
          [
            [
              81.29461594817835,
              21.242415588786848
            ],
            [
              81.29451957328013,
              21.2424157570905
            ]
          ],
          [
            [
              81.30194043764871,
              21.242402636595962
            ],
            [
              81.3018438788681,
              21.242312456440324
            ]
          ],
          [
            [
              81.30859029823617,
              21.2423906019191
            ],
            [
              81.30859048630369,
              21.24248095450536
            ]
          ],
          [
            [
              81.28343662648574,
              21.24252509753216
            ],
            [
              81.2834364537475,
              21.24243474474039
            ]
          ],
          [
            [
              81.28680975317491,
              21.242519395743805
            ],
            [
              81.28680957838101,
              21.242429042978586
            ]
          ],
          [
            [
              81.28835175357169,
              21.242516766746167
            ],
            [
              81.28825555422965,
              21.242607284224274
            ]
          ],
          [
            [
              81.29211037854192,
              21.242510299509146
            ],
            [
              81.29201418152688,
              21.242600819104617
            ]
          ],
          [
            [
              81.29220675352246,
              21.24251013258129
            ],
            [
              81.29211037854192,
              21.242510299509146
            ]
          ],
          [
            [
              81.29365237811753,
              21.24250762205591
            ],
            [
              81.2935558242459,
              21.242417437098517
            ]
          ],
          [
            [
              81.293748753083,
              21.242507454247047
            ],
            [
              81.29365237811753,
              21.24250762205591
            ]
          ],
          [
            [
              81.29384512804751,
              21.24250728638312
            ],
            [
              81.293748753083,
              21.242507454247047
            ]
          ],
          [
            [
              81.29394150301107,
              21.24250711846413
            ],
            [
              81.29384512804751,
              21.24250728638312
            ]
          ],
          [
            [
              81.29471250268563,
              21.242505773129942
            ],
            [
              81.29461594817835,
              21.242415588786848
            ]
          ],
          [
            [
              81.30203699654678,
              21.242492816693968
            ],
            [
              81.30194043764871,
              21.242402636595962
            ]
          ],
          [
            [
              81.30859048630369,
              21.24248095450536
            ],
            [
              81.30859067437217,
              21.24257130709065
            ]
          ],
          [
            [
              81.2834367992249,
              21.242615450322955
            ],
            [
              81.28343662648574,
              21.24252509753216
            ]
          ],
          [
            [
              81.28680992796976,
              21.242609748508055
            ],
            [
              81.28680975317491,
              21.242519395743805
            ]
          ],
          [
            [
              81.28825555422965,
              21.242607284224274
            ],
            [
              81.28815935477016,
              21.242697801647882
            ]
          ],
          [
            [
              81.29182143144367,
              21.242601152686564
            ],
            [
              81.2917252341918,
              21.24269167211898
            ]
          ],
          [
            [
              81.29191780648574,
              21.242600985923115
            ],
            [
              81.29182143144367,
              21.242601152686564
            ]
          ],
          [
            [
              81.29201418152688,
              21.242600819104617
            ],
            [
              81.29191780648574,
              21.242600985923115
            ]
          ],
          [
            [
              81.29480905731036,
              21.242595957415432
            ],
            [
              81.29471250268563,
              21.242505773129942
            ]
          ],
          [
            [
              81.3021335555623,
              21.242582996734335
            ],
            [
              81.30203699654678,
              21.242492816693968
            ]
          ],
          [
            [
              81.30859067437217,
              21.24257130709065
            ],
            [
              81.30859086244166,
              21.242661659674972
            ]
          ],
          [
            [
              81.28343697196497,
              21.242705803112777
            ],
            [
              81.2834367992249,
              21.242615450322955
            ]
          ],
          [
            [
              81.2868101027655,
              21.24270010127134
            ],
            [
              81.28680992796976,
              21.242609748508055
            ]
          ],
          [
            [
              81.28815935477016,
              21.242697801647882
            ],
            [
              81.2881595303891,
              21.242788154399488
            ]
          ],
          [
            [
              81.2917252341918,
              21.24269167211898
            ],
            [
              81.29162903682247,
              21.242782191496918
            ]
          ],
          [
            [
              81.29490561205259,
              21.242686141643322
            ],
            [
              81.29480905731036,
              21.242595957415432
            ]
          ],
          [
            [
              81.30223011469532,
              21.242673176717062
            ],
            [
              81.3021335555623,
              21.242582996734335
            ]
          ],
          [
            [
              81.30859086244166,
              21.242661659674972
            ],
            [
              81.30859105051215,
              21.242752012258325
            ]
          ],
          [
            [
              81.28343714470596,
              21.24279615590164
            ],
            [
              81.28343697196497,
              21.242705803112777
            ]
          ],
          [
            [
              81.28681027756217,
              21.242790454033653
            ],
            [
              81.2868101027655,
              21.24270010127134
            ]
          ],
          [
            [
              81.2881595303891,
              21.242788154399488
            ],
            [
              81.2882560812627,
              21.2428783424768
            ]
          ],
          [
            [
              81.29162903682247,
              21.242782191496918
            ],
            [
              81.29153283933569,
              21.242872710820375
            ]
          ],
          [
            [
              81.29500216691225,
              21.242776325813608
            ],
            [
              81.29490561205259,
              21.242686141643322
            ]
          ],
          [
            [
              81.30232667394577,
              21.24276335664215
            ],
            [
              81.30223011469532,
              21.242673176717062
            ]
          ],
          [
            [
              81.30859105051215,
              21.242752012258325
            ],
            [
              81.30859123858362,
              21.24284236484071
            ]
          ],
          [
            [
              81.28343731744785,
              21.24288650868953
            ],
            [
              81.28343714470596,
              21.24279615590164
            ]
          ],
          [
            [
              81.28690682762644,
              21.24288064289257
            ],
            [
              81.28681027756217,
              21.242790454033653
            ]
          ],
          [
            [
              81.2882560812627,
              21.2428783424768
            ],
            [
              81.28825625694223,
              21.242968695225702
            ]
          ],
          [
            [
              81.29153283933569,
              21.242872710820375
            ],
            [
              81.29143664173144,
              21.242963230089348
            ]
          ],
          [
            [
              81.2950987218894,
              21.242866509926294
            ],
            [
              81.29500216691225,
              21.242776325813608
            ]
          ],
          [
            [
              81.3024232333137,
              21.24285353650959
            ],
            [
              81.30232667394577,
              21.24276335664215
            ]
          ],
          [
            [
              81.30859123858362,
              21.24284236484071
            ],
            [
              81.30868780176513,
              21.242932541074403
            ]
          ],
          [
            [
              81.28343749019066,
              21.24297686147645
            ],
            [
              81.28343731744785,
              21.24288650868953
            ]
          ],
          [
            [
              81.28690700248369,
              21.24297099565218
            ],
            [
              81.28690682762644,
              21.24288064289257
            ]
          ],
          [
            [
              81.28825625694223,
              21.242968695225702
            ],
            [
              81.2882564326227,
              21.243059047973635
            ]
          ],
          [
            [
              81.29143664173144,
              21.242963230089348
            ],
            [
              81.29134044400969,
              21.243053749303844
            ]
          ],
          [
            [
              81.29519527698402,
              21.24295669398138
            ],
            [
              81.2950987218894,
              21.242866509926294
            ]
          ],
          [
            [
              81.30251979279912,
              21.2429437163194
            ],
            [
              81.3024232333137,
              21.24285353650959
            ]
          ],
          [
            [
              81.30868780176513,
              21.242932541074403
            ],
            [
              81.30878436506411,
              21.243022717250422
            ]
          ],
          [
            [
              81.28343766293438,
              21.243067214262403
            ],
            [
              81.28343749019066,
              21.24297686147645
            ]
          ],
          [
            [
              81.28690717734186,
              21.243061348410826
            ],
            [
              81.28690700248369,
              21.24297099565218
            ]
          ],
          [
            [
              81.28700355272507,
              21.243061184451808
            ],
            [
              81.28690700248369,
              21.24297099565218
            ]
          ],
          [
            [
              81.2882564326227,
              21.243059047973635
            ],
            [
              81.2882566083041,
              21.243149400720608
            ]
          ],
          [
            [
              81.29134044400969,
              21.243053749303844
            ],
            [
              81.2912442461705,
              21.243144268463855
            ]
          ],
          [
            [
              81.2952918321961,
              21.243046877978863
            ],
            [
              81.29519527698402,
              21.24295669398138
            ]
          ],
          [
            [
              81.30261635240198,
              21.24303389607156
            ],
            [
              81.30251979279912,
              21.2429437163194
            ]
          ],
          [
            [
              81.30878436506411,
              21.243022717250422
            ],
            [
              81.30888092848055,
              21.24311289336876
            ]
          ],
          [
            [
              81.28343783567901,
              21.243157567047387
            ],
            [
              81.28343766293438,
              21.243067214262403
            ]
          ],
          [
            [
              81.28690735220096,
              21.2431517011685
            ],
            [
              81.28690717734186,
              21.243061348410826
            ]
          ],
          [
            [
              81.28710010308392,
              21.243151373193868
            ],
            [
              81.28700355272507,
              21.243061184451808
            ]
          ],
          [
            [
              81.2882566083041,
              21.243149400720608
            ],
            [
              81.28825678398641,
              21.243239753466604
            ]
          ],
          [
            [
              81.2912442461705,
              21.243144268463855
            ],
            [
              81.29124442367362,
              21.24323462118596
            ]
          ],
          [
            [
              81.29538838752565,
              21.243137061918738
            ],
            [
              81.2952918321961,
              21.243046877978863
            ]
          ],
          [
            [
              81.30271291212233,
              21.243124075766076
            ],
            [
              81.30261635240198,
              21.24303389607156
            ]
          ],
          [
            [
              81.30888092848055,
              21.24311289336876
            ],
            [
              81.30897749201446,
              21.243203069429434
            ]
          ],
          [
            [
              81.28343800842454,
              21.243247919831408
            ],
            [
              81.28343783567901,
              21.243157567047387
            ]
          ],
          [
            [
              81.28690752706098,
              21.243242053925215
            ],
            [
              81.28690735220096,
              21.2431517011685
            ]
          ],
          [
            [
              81.28719665356024,
              21.243241561878367
            ],
            [
              81.28710010308392,
              21.243151373193868
            ]
          ],
          [
            [
              81.28825678398641,
              21.243239753466604
            ],
            [
              81.28816058412227,
              21.2433302708888
            ]
          ],
          [
            [
              81.29124442367362,
              21.24323462118596
            ],
            [
              81.29124460117767,
              21.243324973907097
            ]
          ],
          [
            [
              81.29548494297268,
              21.24322724580101
            ],
            [
              81.29538838752565,
              21.243137061918738
            ]
          ],
          [
            [
              81.29558131839,
              21.24322707693966
            ],
            [
              81.29548494297268,
              21.24322724580101
            ]
          ],
          [
            [
              81.2956776938064,
              21.243226908023246
            ],
            [
              81.29558131839,
              21.24322707693966
            ]
          ],
          [
            [
              81.30280947196013,
              21.243214255402954
            ],
            [
              81.30271291212233,
              21.243124075766076
            ]
          ],
          [
            [
              81.30897749201446,
              21.243203069429434
            ],
            [
              81.30907405566585,
              21.24329324543242
            ]
          ],
          [
            [
              81.283438181171,
              21.243338272614448
            ],
            [
              81.28343800842454,
              21.243247919831408
            ]
          ],
          [
            [
              81.28690770192192,
              21.24333240668095
            ],
            [
              81.28690752706098,
              21.243242053925215
            ]
          ],
          [
            [
              81.28729320415404,
              21.243331750505313
            ],
            [
              81.28719665356024,
              21.243241561878367
            ]
          ],
          [
            [
              81.28816058412227,
              21.2433302708888
            ],
            [
              81.28806438414064,
              21.243420788256493
            ]
          ],
          [
            [
              81.29124460117767,
              21.243324973907097
            ],
            [
              81.29124477868267,
              21.243415326627268
            ]
          ],
          [
            [
              81.29577424948647,
              21.243317091736206
            ],
            [
              81.2956776938064,
              21.243226908023246
            ]
          ],
          [
            [
              81.30290603191541,
              21.24330443498219
            ],
            [
              81.30280947196013,
              21.243214255402954
            ]
          ],
          [
            [
              81.30907405566585,
              21.24329324543242
            ],
            [
              81.30917061943471,
              21.243383421377736
            ]
          ],
          [
            [
              81.28343835391836,
              21.24342862539653
            ],
            [
              81.283438181171,
              21.243338272614448
            ]
          ],
          [
            [
              81.28690787678379,
              21.24342275943572
            ],
            [
              81.28690770192192,
              21.24333240668095
            ]
          ],
          [
            [
              81.28700425240193,
              21.243422595473646
            ],
            [
              81.28690770192192,
              21.24333240668095
            ]
          ],
          [
            [
              81.28738975486532,
              21.243421939074697
            ],
            [
              81.28729320415404,
              21.243331750505313
            ]
          ],
          [
            [
              81.28806438414064,
              21.243420788256493
            ],
            [
              81.28796818404153,
              21.24351130556968
            ]
          ],
          [
            [
              81.29124477868267,
              21.243415326627268
            ],
            [
              81.29114858055259,
              21.24350584573221
            ]
          ],
          [
            [
              81.295870805284,
              21.243407275391565
            ],
            [
              81.29577424948647,
              21.243317091736206
            ]
          ],
          [
            [
              81.30300259198816,
              21.24339461450377
            ],
            [
              81.30290603191541,
              21.24330443498219
            ]
          ],
          [
            [
              81.30917061943471,
              21.243383421377736
            ],
            [
              81.30926718332104,
              21.243473597265364
            ]
          ],
          [
            [
              81.28334215095582,
              21.243519140103032
            ],
            [
              81.28343835391836,
              21.24342862539653
            ]
          ],
          [
            [
              81.28710080299943,
              21.243512784208782
            ],
            [
              81.28700425240193,
              21.243422595473646
            ]
          ],
          [
            [
              81.28748630569406,
              21.24351212758651
            ],
            [
              81.28738975486532,
              21.243421939074697
            ]
          ],
          [
            [
              81.28796818404153,
              21.24351130556968
            ],
            [
              81.28787198382497,
              21.24360182282837
            ]
          ],
          [
            [
              81.29114858055259,
              21.24350584573221
            ],
            [
              81.29105238230504,
              21.24359636478267
            ]
          ],
          [
            [
              81.29596736119902,
              21.24349745898931
            ],
            [
              81.295870805284,
              21.243407275391565
            ]
          ],
          [
            [
              81.30309915217839,
              21.243484793967713
            ],
            [
              81.30300259198816,
              21.24339461450377
            ]
          ],
          [
            [
              81.30926718332104,
              21.243473597265364
            ],
            [
              81.30936374732484,
              21.243563773095318
            ]
          ],
          [
            [
              81.2832459478758,
              21.243609654755005
            ],
            [
              81.28334215095582,
              21.243519140103032
            ]
          ],
          [
            [
              81.28719735371439,
              21.243602972886357
            ],
            [
              81.28710080299943,
              21.243512784208782
            ]
          ],
          [
            [
              81.28758285664027,
              21.24360231604076
            ],
            [
              81.28748630569406,
              21.24351212758651
            ]
          ],
          [
            [
              81.28767923236941,
              21.243602151691697
            ],
            [
              81.28758285664027,
              21.24360231604076
            ]
          ],
          [
            [
              81.28787198382497,
              21.24360182282837
            ],
            [
              81.28777578349091,
              21.243692340032553
            ]
          ],
          [
            [
              81.29105238230504,
              21.24359636478267
            ],
            [
              81.29095618394004,
              21.243686883778636
            ]
          ],
          [
            [
              81.29606391723149,
              21.243587642529448
            ],
            [
              81.29596736119902,
              21.24349745898931
            ]
          ],
          [
            [
              81.30309933690984,
              21.24357514658871
            ],
            [
              81.30309915217839,
              21.243484793967713
            ]
          ],
          [
            [
              81.30936374732484,
              21.243563773095318
            ],
            [
              81.3094603114461,
              21.24365394886759
            ]
          ],
          [
            [
              81.28324612050844,
              21.243700007535683
            ],
            [
              81.2832459478758,
              21.243609654755005
            ]
          ],
          [
            [
              81.28729390454683,
              21.24369316150637
            ],
            [
              81.28719735371439,
              21.243602972886357
            ]
          ],
          [
            [
              81.28777578349091,
              21.243692340032553
            ],
            [
              81.28767923236941,
              21.243602151691697
            ]
          ],
          [
            [
              81.28787215927696,
              21.24369217557259
            ],
            [
              81.28777578349091,
              21.243692340032553
            ]
          ],
          [
            [
              81.28796853506209,
              21.243692011057558
            ],
            [
              81.28787215927696,
              21.24369217557259
            ]
          ],
          [
            [
              81.28806491084629,
              21.243691846487465
            ],
            [
              81.28796853506209,
              21.243692011057558
            ]
          ],
          [
            [
              81.28816128662955,
              21.2436916818623
            ],
            [
              81.28806491084629,
              21.243691846487465
            ]
          ],
          [
            [
              81.2882576624119,
              21.24369151718207
            ],
            [
              81.28816128662955,
              21.2436916818623
            ]
          ],
          [
            [
              81.2883540381933,
              21.243691352446778
            ],
            [
              81.2882576624119,
              21.24369151718207
            ]
          ],
          [
            [
              81.28845041397379,
              21.243691187656413
            ],
            [
              81.2883540381933,
              21.243691352446778
            ]
          ],
          [
            [
              81.28854678975335,
              21.24369102281098
            ],
            [
              81.28845041397379,
              21.243691187656413
            ]
          ],
          [
            [
              81.288643165532,
              21.24369085791049
            ],
            [
              81.28854678975335,
              21.24369102281098
            ]
          ],
          [
            [
              81.2887395413097,
              21.243690692954925
            ],
            [
              81.288643165532,
              21.24369085791049
            ]
          ],
          [
            [
              81.29095618394004,
              21.243686883778636
            ],
            [
              81.29095636127256,
              21.243777236497255
            ]
          ],
          [
            [
              81.29616047338146,
              21.243677826011975
            ],
            [
              81.29606391723149,
              21.243587642529448
            ]
          ],
          [
            [
              81.30319589727723,
              21.243665325993234
            ],
            [
              81.30309933690984,
              21.24357514658871
            ]
          ],
          [
            [
              81.30329227291125,
              21.24366515272265
            ],
            [
              81.30319589727723,
              21.243665325993234
            ]
          ],
          [
            [
              81.30338864854428,
              21.243664979397
            ],
            [
              81.30329227291125,
              21.24366515272265
            ]
          ],
          [
            [
              81.30348502417635,
              21.24366480601628
            ],
            [
              81.30338864854428,
              21.243664979397
            ]
          ],
          [
            [
              81.30358139980743,
              21.243664632580494
            ],
            [
              81.30348502417635,
              21.24366480601628
            ]
          ],
          [
            [
              81.3094603114461,
              21.24365394886759
            ],
            [
              81.30955687568485,
              21.243744124582182
            ]
          ],
          [
            [
              81.28324629314196,
              21.2437903603154
            ],
            [
              81.28324612050844,
              21.243700007535683
            ]
          ],
          [
            [
              81.28739045549673,
              21.243783350068814
            ],
            [
              81.28729390454683,
              21.24369316150637
            ]
          ],
          [
            [
              81.28883609312676,
              21.24378088067988
            ],
            [
              81.2887395413097,
              21.243690692954925
            ]
          ],
          [
            [
              81.29095636127256,
              21.243777236497255
            ],
            [
              81.29095653860601,
              21.243867589214904
            ]
          ],
          [
            [
              81.29625702964888,
              21.243768009436895
            ],
            [
              81.29616047338146,
              21.243677826011975
            ]
          ],
          [
            [
              81.30955687568485,
              21.243744124582182
            ],
            [
              81.30965344004107,
              21.24383430023909
            ]
          ],
          [
            [
              81.28315008982882,
              21.24388087491241
            ],
            [
              81.28324629314196,
              21.2437903603154
            ]
          ],
          [
            [
              81.28748700656412,
              21.2438735385737
            ],
            [
              81.28739045549673,
              21.243783350068814
            ]
          ],
          [
            [
              81.28893264506132,
              21.24387106834726
            ],
            [
              81.28883609312676,
              21.24378088067988
            ]
          ],
          [
            [
              81.29018553158986,
              21.24386891746214
            ],
            [
              81.29008933251438,
              21.243959435968886
            ]
          ],
          [
            [
              81.29028190747015,
              21.243868751623975
            ],
            [
              81.29018553158986,
              21.24386891746214
            ]
          ],
          [
            [
              81.2903782833495,
              21.243868585730734
            ],
            [
              81.29028190747015,
              21.243868751623975
            ]
          ],
          [
            [
              81.29047465922793,
              21.24386841978243
            ],
            [
              81.2903782833495,
              21.243868585730734
            ]
          ],
          [
            [
              81.29057103510542,
              21.24386825377906
            ],
            [
              81.29047465922793,
              21.24386841978243
            ]
          ],
          [
            [
              81.29066741098197,
              21.243868087720625
            ],
            [
              81.29057103510542,
              21.24386825377906
            ]
          ],
          [
            [
              81.29076378685758,
              21.243867921607112
            ],
            [
              81.29066741098197,
              21.243868087720625
            ]
          ],
          [
            [
              81.29086016273226,
              21.24386775543854
            ],
            [
              81.29076378685758,
              21.243867921607112
            ]
          ],
          [
            [
              81.29095653860601,
              21.243867589214904
            ],
            [
              81.29086016273226,
              21.24386775543854
            ]
          ],
          [
            [
              81.29635358603377,
              21.243858192804204
            ],
            [
              81.29625702964888,
              21.243768009436895
            ]
          ],
          [
            [
              81.30965344004107,
              21.24383430023909
            ],
            [
              81.30975000451477,
              21.24392447583832
            ]
          ],
          [
            [
              81.2830538863982,
              21.243971389454902
            ],
            [
              81.28315008982882,
              21.24388087491241
            ]
          ],
          [
            [
              81.28758355774899,
              21.243963727021022
            ],
            [
              81.28748700656412,
              21.2438735385737
            ]
          ],
          [
            [
              81.28902919711335,
              21.243961255957075
            ],
            [
              81.28893264506132,
              21.24387106834726
            ]
          ],
          [
            [
              81.29008933251438,
              21.243959435968886
            ],
            [
              81.28999313332145,
              21.244049954421133
            ]
          ],
          [
            [
              81.29057121220485,
              21.24395860649884
            ],
            [
              81.29047465922793,
              21.24386841978243
            ]
          ],
          [
            [
              81.29645014253616,
              21.243948376113902
            ],
            [
              81.29635358603377,
              21.243858192804204
            ]
          ],
          [
            [
              81.30975000451477,
              21.24392447583832
            ],
            [
              81.30984656910593,
              21.24401465137986
            ]
          ],
          [
            [
              81.28295768285011,
              21.24406190394285
            ],
            [
              81.2830538863982,
              21.243971389454902
            ]
          ],
          [
            [
              81.28768010905132,
              21.24405391541077
            ],
            [
              81.28758355774899,
              21.243963727021022
            ]
          ],
          [
            [
              81.28912574928285,
              21.244051443509306
            ],
            [
              81.28902919711335,
              21.243961255957075
            ]
          ],
          [
            [
              81.28999313332145,
              21.244049954421133
            ],
            [
              81.28989693401103,
              21.24414047281888
            ]
          ],
          [
            [
              81.29066776529925,
              21.244048793157656
            ],
            [
              81.29057121220485,
              21.24395860649884
            ]
          ],
          [
            [
              81.29654669915602,
              21.244038559365976
            ],
            [
              81.29645014253616,
              21.243948376113902
            ]
          ],
          [
            [
              81.30984656910593,
              21.24401465137986
            ],
            [
              81.30994313381457,
              21.244104826863722
            ]
          ],
          [
            [
              81.28286147918455,
              21.244152418376277
            ],
            [
              81.28295768285011,
              21.24406190394285
            ]
          ],
          [
            [
              81.28777666047112,
              21.24414410374295
            ],
            [
              81.28768010905132,
              21.24405391541077
            ]
          ],
          [
            [
              81.28922230156984,
              21.244141631003963
            ],
            [
              81.28912574928285,
              21.244051443509306
            ]
          ],
          [
            [
              81.28989693401103,
              21.24414047281888
            ],
            [
              81.2898971107021,
              21.24423082554116
            ]
          ],
          [
            [
              81.29076431851114,
              21.244138979758894
            ],
            [
              81.29066776529925,
              21.244048793157656
            ]
          ],
          [
            [
              81.29664325589334,
              21.244128742560445
            ],
            [
              81.29654669915602,
              21.244038559365976
            ]
          ],
          [
            [
              81.30994313381457,
              21.244104826863722
            ],
            [
              81.3100396986407,
              21.244195002289896
            ]
          ],
          [
            [
              81.28286165158768,
              21.244242771154163
            ],
            [
              81.28286147918455,
              21.244152418376277
            ]
          ],
          [
            [
              81.28787321200842,
              21.244234292017573
            ],
            [
              81.28777666047112,
              21.24414410374295
            ]
          ],
          [
            [
              81.2893188539743,
              21.244231818441058
            ],
            [
              81.28922230156984,
              21.244141631003963
            ]
          ],
          [
            [
              81.28941523009793,
              21.244231653095405
            ],
            [
              81.2893188539743,
              21.244231818441058
            ]
          ],
          [
            [
              81.28951160622063,
              21.244231487694698
            ],
            [
              81.28941523009793,
              21.244231653095405
            ]
          ],
          [
            [
              81.28960798234239,
              21.244231322238914
            ],
            [
              81.28951160622063,
              21.244231487694698
            ]
          ],
          [
            [
              81.28970435846323,
              21.244231156728063
            ],
            [
              81.28960798234239,
              21.244231322238914
            ]
          ],
          [
            [
              81.28980073458312,
              21.244230991162148
            ],
            [
              81.28970435846323,
              21.244231156728063
            ]
          ],
          [
            [
              81.2898971107021,
              21.24423082554116
            ],
            [
              81.28980073458312,
              21.244230991162148
            ]
          ],
          [
            [
              81.2908608718405,
              21.244229166302553
            ],
            [
              81.29076431851114,
              21.244138979758894
            ]
          ],
          [
            [
              81.29673981274816,
              21.2442189256973
            ],
            [
              81.29664325589334,
              21.244128742560445
            ]
          ],
          [
            [
              81.3100396986407,
              21.244195002289896
            ],
            [
              81.3101362635843,
              21.244285177658384
            ]
          ],
          [
            [
              81.28286182399172,
              21.244333123931067
            ],
            [
              81.28286165158768,
              21.244242771154163
            ]
          ],
          [
            [
              81.2879697636632,
              21.24432448023462
            ],
            [
              81.28787321200842,
              21.244234292017573
            ]
          ],
          [
            [
              81.29095742528733,
              21.24431935278862
            ],
            [
              81.2908608718405,
              21.244229166302553
            ]
          ],
          [
            [
              81.29673999361063,
              21.24430927836321
            ],
            [
              81.29673981274816,
              21.2442189256973
            ]
          ],
          [
            [
              81.3101362635843,
              21.244285177658384
            ],
            [
              81.31013645261245,
              21.244375530211133
            ]
          ],
          [
            [
              81.28286199639666,
              21.24442347670702
            ],
            [
              81.28286182399172,
              21.244333123931067
            ]
          ],
          [
            [
              81.28806631543544,
              21.244414668394107
            ],
            [
              81.2879697636632,
              21.24432448023462
            ]
          ],
          [
            [
              81.29105397885165,
              21.24440953921711
            ],
            [
              81.29095742528733,
              21.24431935278862
            ]
          ],
          [
            [
              81.29674017447407,
              21.244399631028152
            ],
            [
              81.29673999361063,
              21.24430927836321
            ]
          ],
          [
            [
              81.31013645261245,
              21.244375530211133
            ],
            [
              81.31023301773327,
              21.244465705520142
            ]
          ],
          [
            [
              81.31216034909369,
              21.244371796565957
            ],
            [
              81.31225672510558,
              21.244371618167584
            ]
          ],
          [
            [
              81.31225672510558,
              21.244371618167584
            ],
            [
              81.31235310111649,
              21.244371439714143
            ]
          ],
          [
            [
              81.31235310111649,
              21.244371439714143
            ],
            [
              81.31244966756528,
              21.244461613737535
            ]
          ],
          [
            [
              81.28286216880252,
              21.24451382948199
            ],
            [
              81.28286199639666,
              21.24442347670702
            ]
          ],
          [
            [
              81.28816286732517,
              21.244504856496015
            ],
            [
              81.28806631543544,
              21.244414668394107
            ]
          ],
          [
            [
              81.29683673156573,
              21.24448981410387
            ],
            [
              81.29674017447407,
              21.244399631028152
            ]
          ],
          [
            [
              81.31023301773327,
              21.244465705520142
            ],
            [
              81.31032958297156,
              21.244555880771458
            ]
          ],
          [
            [
              81.31206416328473,
              21.244462327444495
            ],
            [
              81.31216034909369,
              21.244371796565957
            ]
          ],
          [
            [
              81.31244966756528,
              21.244461613737535
            ],
            [
              81.31254604363289,
              21.244461435173125
            ]
          ],
          [
            [
              81.31254604363289,
              21.244461435173125
            ],
            [
              81.31264241969951,
              21.24446125655364
            ]
          ],
          [
            [
              81.31264241969951,
              21.24446125655364
            ],
            [
              81.31273879576513,
              21.244461077879095
            ]
          ],
          [
            [
              81.31273879576513,
              21.244461077879095
            ],
            [
              81.31283517182975,
              21.24446089914948
            ]
          ],
          [
            [
              81.2828623412093,
              21.24460418225599
            ],
            [
              81.28286216880252,
              21.24451382948199
            ]
          ],
          [
            [
              81.28295871762951,
              21.2446040205969
            ],
            [
              81.28286216880252,
              21.24451382948199
            ]
          ],
          [
            [
              81.28825941933238,
              21.244595044540358
            ],
            [
              81.28816286732517,
              21.244504856496015
            ]
          ],
          [
            [
              81.31032958297156,
              21.244555880771458
            ],
            [
              81.31042614832732,
              21.2446460559651
            ]
          ],
          [
            [
              81.3119679773583,
              21.244552858268655
            ],
            [
              81.31206416328473,
              21.244462327444495
            ]
          ],
          [
            [
              81.28286251361698,
              21.244694535029033
            ],
            [
              81.2828623412093,
              21.24460418225599
            ]
          ],
          [
            [
              81.28305526657401,
              21.244694211654277
            ],
            [
              81.28295871762951,
              21.2446040205969
            ]
          ],
          [
            [
              81.28835597145708,
              21.24468523252713
            ],
            [
              81.28825941933238,
              21.244595044540358
            ]
          ],
          [
            [
              81.31042614832732,
              21.2446460559651
            ],
            [
              81.31052271380058,
              21.244736231101033
            ]
          ],
          [
            [
              81.31177541512224,
              21.244643567219033
            ],
            [
              81.31187179131439,
              21.24464338903844
            ]
          ],
          [
            [
              81.31187179131439,
              21.24464338903844
            ],
            [
              81.3119679773583,
              21.244552858268655
            ]
          ],
          [
            [
              81.28286268602555,
              21.244784887801103
            ],
            [
              81.28286251361698,
              21.244694535029033
            ]
          ],
          [
            [
              81.28315181563596,
              21.244784402654105
            ],
            [
              81.28305526657401,
              21.244694211654277
            ]
          ],
          [
            [
              81.28845252369923,
              21.244775420456325
            ],
            [
              81.28835597145708,
              21.24468523252713
            ]
          ],
          [
            [
              81.31052271380058,
              21.244736231101033
            ],
            [
              81.3106192793913,
              21.244826406179293
            ]
          ],
          [
            [
              81.31167922890111,
              21.244734097880194
            ],
            [
              81.31177541512224,
              21.244643567219033
            ]
          ],
          [
            [
              81.28286285843505,
              21.244875240572206
            ],
            [
              81.28286268602555,
              21.244784887801103
            ]
          ],
          [
            [
              81.28295923503151,
              21.244875078910855
            ],
            [
              81.28286268602555,
              21.244784887801103
            ]
          ],
          [
            [
              81.28854907605889,
              21.24486560832795
            ],
            [
              81.28845252369923,
              21.244775420456325
            ]
          ],
          [
            [
              81.3106192793913,
              21.244826406179293
            ],
            [
              81.31071584509952,
              21.244916581199853
            ]
          ],
          [
            [
              81.31139028993627,
              21.244824984465993
            ],
            [
              81.31148666624988,
              21.24482480650402
            ]
          ],
          [
            [
              81.31148666624988,
              21.24482480650402
            ],
            [
              81.31158304256249,
              21.244824628486978
            ]
          ],
          [
            [
              81.31158304256249,
              21.244824628486978
            ],
            [
              81.31167922890111,
              21.244734097880194
            ]
          ],
          [
            [
              81.28286303084548,
              21.244965593342336
            ],
            [
              81.28286285843505,
              21.244875240572206
            ]
          ],
          [
            [
              81.28305578415494,
              21.244965269963064
            ],
            [
              81.28295923503151,
              21.244875078910855
            ]
          ],
          [
            [
              81.28864562853602,
              21.244955796142005
            ],
            [
              81.28854907605889,
              21.24486560832795
            ]
          ],
          [
            [
              81.30946295207703,
              21.24491888469361
            ],
            [
              81.30955932846936,
              21.2449187078322
            ]
          ],
          [
            [
              81.30955932846936,
              21.2449187078322
            ],
            [
              81.30965570486067,
              21.244918530915722
            ]
          ],
          [
            [
              81.30965570486067,
              21.244918530915722
            ],
            [
              81.30975208125102,
              21.244918353944172
            ]
          ],
          [
            [
              81.30975208125102,
              21.244918353944172
            ],
            [
              81.30984845764034,
              21.244918176917555
            ]
          ],
          [
            [
              81.30984845764034,
              21.244918176917555
            ],
            [
              81.30994483402868,
              21.244917999835867
            ]
          ],
          [
            [
              81.30994483402868,
              21.244917999835867
            ],
            [
              81.31004121041603,
              21.244917822699108
            ]
          ],
          [
            [
              81.31004121041603,
              21.244917822699108
            ],
            [
              81.31013758680238,
              21.24491764550728
            ]
          ],
          [
            [
              81.31013758680238,
              21.24491764550728
            ],
            [
              81.31023396318774,
              21.24491746826038
            ]
          ],
          [
            [
              81.31023396318774,
              21.24491746826038
            ],
            [
              81.31033033957209,
              21.244917290958416
            ]
          ],
          [
            [
              81.31033033957209,
              21.244917290958416
            ],
            [
              81.31042671595544,
              21.24491711360138
            ]
          ],
          [
            [
              81.31042671595544,
              21.24491711360138
            ],
            [
              81.3105230923378,
              21.244916936189274
            ]
          ],
          [
            [
              81.3105230923378,
              21.244916936189274
            ],
            [
              81.31061946871915,
              21.244916758722095
            ]
          ],
          [
            [
              81.31061946871915,
              21.244916758722095
            ],
            [
              81.31071584509952,
              21.244916581199853
            ]
          ],
          [
            [
              81.31071584509952,
              21.244916581199853
            ],
            [
              81.31081222147888,
              21.24491640362254
            ]
          ],
          [
            [
              81.31081222147888,
              21.24491640362254
            ],
            [
              81.31090859785725,
              21.244916225990153
            ]
          ],
          [
            [
              81.31090859785725,
              21.244916225990153
            ],
            [
              81.3110049742346,
              21.244916048302695
            ]
          ],
          [
            [
              81.3110049742346,
              21.244916048302695
            ],
            [
              81.31110135061095,
              21.244915870560177
            ]
          ],
          [
            [
              81.31110135061095,
              21.244915870560177
            ],
            [
              81.31119772698632,
              21.244915692762582
            ]
          ],
          [
            [
              81.31119772698632,
              21.244915692762582
            ],
            [
              81.31129410336068,
              21.244915514909923
            ]
          ],
          [
            [
              81.31129410336068,
              21.244915514909923
            ],
            [
              81.31139028993627,
              21.244824984465993
            ]
          ],
          [
            [
              81.28286320325678,
              21.245055946111496
            ],
            [
              81.28286303084548,
              21.244965593342336
            ]
          ],
          [
            [
              81.28315233339586,
              21.24505546095773
            ],
            [
              81.28305578415494,
              21.244965269963064
            ]
          ],
          [
            [
              81.28874218113064,
              21.245045983898475
            ],
            [
              81.28864562853602,
              21.244955796142005
            ]
          ],
          [
            [
              81.28286337566901,
              21.245146298879696
            ],
            [
              81.28286320325678,
              21.245055946111496
            ]
          ],
          [
            [
              81.28324888275425,
              21.245145651894845
            ],
            [
              81.28315233339586,
              21.24505546095773
            ]
          ],
          [
            [
              81.28883873384275,
              21.24513617159738
            ],
            [
              81.28874218113064,
              21.245045983898475
            ]
          ],
          [
            [
              81.28286354808215,
              21.24523665164692
            ],
            [
              81.28286337566901,
              21.245146298879696
            ]
          ],
          [
            [
              81.28334543223013,
              21.245235842774424
            ],
            [
              81.28324888275425,
              21.245145651894845
            ]
          ],
          [
            [
              81.28883890989789,
              21.245226524317463
            ],
            [
              81.28883873384275,
              21.24513617159738
            ]
          ],
          [
            [
              81.28286372049618,
              21.245327004413177
            ],
            [
              81.28286354808215,
              21.24523665164692
            ]
          ],
          [
            [
              81.2834419818235,
              21.24532603359644
            ],
            [
              81.28334543223013,
              21.245235842774424
            ]
          ],
          [
            [
              81.28893546278717,
              21.24531671195705
            ],
            [
              81.28883890989789,
              21.245226524317463
            ]
          ],
          [
            [
              81.28286389291114,
              21.245417357178464
            ],
            [
              81.28286372049618,
              21.245327004413177
            ]
          ],
          [
            [
              81.28353853153435,
              21.245416224360923
            ],
            [
              81.2834419818235,
              21.24532603359644
            ]
          ],
          [
            [
              81.28893563890293,
              21.24540706467443
            ],
            [
              81.28893546278717,
              21.24531671195705
            ]
          ],
          [
            [
              81.28363508136269,
              21.245506415067847
            ],
            [
              81.28353853153435,
              21.245416224360923
            ]
          ],
          [
            [
              81.28893581501961,
              21.24549741739084
            ],
            [
              81.28893563890293,
              21.24540706467443
            ]
          ],
          [
            [
              81.28373163130851,
              21.24559660571723
            ],
            [
              81.28363508136269,
              21.245506415067847
            ]
          ],
          [
            [
              81.28893599113724,
              21.245587770106283
            ],
            [
              81.28893581501961,
              21.24549741739084
            ]
          ],
          [
            [
              81.28382818137183,
              21.24568679630906
            ],
            [
              81.28373163130851,
              21.24559660571723
            ]
          ],
          [
            [
              81.28893616725577,
              21.245678122820756
            ],
            [
              81.28893599113724,
              21.245587770106283
            ]
          ],
          [
            [
              81.28903254432299,
              21.245677957683082
            ],
            [
              81.28893599113724,
              21.245587770106283
            ]
          ],
          [
            [
              81.28392473155264,
              21.24577698684334
            ],
            [
              81.28382818137183,
              21.24568679630906
            ]
          ],
          [
            [
              81.28893634337525,
              21.245768475534252
            ],
            [
              81.28893616725577,
              21.245678122820756
            ]
          ],
          [
            [
              81.28912909762623,
              21.245768145202298
            ],
            [
              81.28903254432299,
              21.245677957683082
            ]
          ],
          [
            [
              81.28402128185093,
              21.24586717732006
            ],
            [
              81.28392473155264,
              21.24577698684334
            ]
          ],
          [
            [
              81.28903289668035,
              21.245858663107583
            ],
            [
              81.28893634337525,
              21.245768475534252
            ]
          ],
          [
            [
              81.28922565104698,
              21.245858332663943
            ],
            [
              81.28912909762623,
              21.245768145202298
            ]
          ],
          [
            [
              81.30136916854075,
              21.24583707060932
            ],
            [
              81.30136935224013,
              21.245927423219605
            ]
          ],
          [
            [
              81.31264527816583,
              21.24581654439104
            ],
            [
              81.31274165511257,
              21.24581636570402
            ]
          ],
          [
            [
              81.31274165511257,
              21.24581636570402
            ],
            [
              81.31283803205832,
              21.24581618696192
            ]
          ],
          [
            [
              81.28411783226672,
              21.245957367739233
            ],
            [
              81.28402128185093,
              21.24586717732006
            ]
          ],
          [
            [
              81.28912945010295,
              21.245948850623325
            ],
            [
              81.28903289668035,
              21.245858663107583
            ]
          ],
          [
            [
              81.28932220458519,
              21.245948520068005
            ],
            [
              81.28922565104698,
              21.245858332663943
            ]
          ],
          [
            [
              81.30136935224013,
              21.245927423219605
            ],
            [
              81.30136953594048,
              21.246017775828925
            ]
          ],
          [
            [
              81.28421438279997,
              21.246047558100862
            ],
            [
              81.28411783226672,
              21.245957367739233
            ]
          ],
          [
            [
              81.28922600364305,
              21.2460390380815
            ],
            [
              81.28912945010295,
              21.245948850623325
            ]
          ],
          [
            [
              81.28941875824091,
              21.24603870741449
            ],
            [
              81.28932220458519,
              21.245948520068005
            ]
          ],
          [
            [
              81.30136953594048,
              21.246017775828925
            ],
            [
              81.30136971964181,
              21.246108128437278
            ]
          ],
          [
            [
              81.28431093345074,
              21.246137748404927
            ],
            [
              81.28421438279997,
              21.246047558100862
            ]
          ],
          [
            [
              81.28932255730062,
              21.246129225482075
            ],
            [
              81.28922600364305,
              21.2460390380815
            ]
          ],
          [
            [
              81.28951531201412,
              21.24612889470339
            ],
            [
              81.28941875824091,
              21.24603870741449
            ]
          ],
          [
            [
              81.30136971964181,
              21.246108128437278
            ],
            [
              81.30136990334411,
              21.246198481044658
            ]
          ],
          [
            [
              81.284407484219,
              21.246227938651437
            ],
            [
              81.28431093345074,
              21.246137748404927
            ]
          ],
          [
            [
              81.28941911107569,
              21.246219412825077
            ],
            [
              81.28932255730062,
              21.246129225482075
            ]
          ],
          [
            [
              81.28961186590482,
              21.2462190819347
            ],
            [
              81.28951531201412,
              21.24612889470339
            ]
          ],
          [
            [
              81.30136990334411,
              21.246198481044658
            ],
            [
              81.30137008704737,
              21.246288833651075
            ]
          ],
          [
            [
              81.28450403510475,
              21.246318128840397
            ],
            [
              81.284407484219,
              21.246227938651437
            ]
          ],
          [
            [
              81.28951566496823,
              21.246309600110504
            ],
            [
              81.28941911107569,
              21.246219412825077
            ]
          ],
          [
            [
              81.289708419913,
              21.246309269108437
            ],
            [
              81.28961186590482,
              21.2462190819347
            ]
          ],
          [
            [
              81.30137008704737,
              21.246288833651075
            ],
            [
              81.30137027075159,
              21.24637918625651
            ]
          ],
          [
            [
              81.28460058610797,
              21.246408318971795
            ],
            [
              81.28450403510475,
              21.246318128840397
            ]
          ],
          [
            [
              81.28961221897829,
              21.246399787338348
            ],
            [
              81.28951566496823,
              21.246309600110504
            ]
          ],
          [
            [
              81.28980497403869,
              21.246399456224587
            ],
            [
              81.289708419913,
              21.246309269108437
            ]
          ],
          [
            [
              81.30137027075159,
              21.24637918625651
            ],
            [
              81.3013704544568,
              21.246469538860982
            ]
          ],
          [
            [
              81.2846971372287,
              21.24649850904564
            ],
            [
              81.28460058610797,
              21.246408318971795
            ]
          ],
          [
            [
              81.28970877310583,
              21.246489974508595
            ],
            [
              81.28961221897829,
              21.246399787338348
            ]
          ],
          [
            [
              81.28990152828185,
              21.246489643283148
            ],
            [
              81.28980497403869,
              21.246399456224587
            ]
          ],
          [
            [
              81.3013704544568,
              21.246469538860982
            ],
            [
              81.30137063816296,
              21.246559891464496
            ]
          ],
          [
            [
              81.30377989100204,
              21.2464652161092
            ],
            [
              81.30368369866801,
              21.246555742264356
            ]
          ],
          [
            [
              81.28479368846693,
              21.246588699061927
            ],
            [
              81.2846971372287,
              21.24649850904564
            ]
          ],
          [
            [
              81.28489006616127,
              21.24658853628478
            ],
            [
              81.28479368846693,
              21.246588699061927
            ]
          ],
          [
            [
              81.28498644385469,
              21.246588373452564
            ],
            [
              81.28489006616127,
              21.24658853628478
            ]
          ],
          [
            [
              81.28508282154719,
              21.24658821056527
            ],
            [
              81.28498644385469,
              21.246588373452564
            ]
          ],
          [
            [
              81.28517919923878,
              21.2465880476229
            ],
            [
              81.28508282154719,
              21.24658821056527
            ]
          ],
          [
            [
              81.28527557692945,
              21.24658788462546
            ],
            [
              81.28517919923878,
              21.2465880476229
            ]
          ],
          [
            [
              81.28980532735086,
              21.246580161621267
            ],
            [
              81.28970877310583,
              21.246489974508595
            ]
          ],
          [
            [
              81.28999808264251,
              21.24657983028413
            ],
            [
              81.28990152828185,
              21.246489643283148
            ]
          ],
          [
            [
              81.30137063816296,
              21.246559891464496
            ],
            [
              81.30137082187011,
              21.246650244067034
            ]
          ],
          [
            [
              81.30368369866801,
              21.246555742264356
            ],
            [
              81.30358750621647,
              21.246646268365083
            ]
          ],
          [
            [
              81.2899018817134,
              21.246670348676357
            ],
            [
              81.28980532735086,
              21.246580161621267
            ]
          ],
          [
            [
              81.29009463712069,
              21.246670017227522
            ],
            [
              81.28999808264251,
              21.24657983028413
            ]
          ],
          [
            [
              81.30137082187011,
              21.246650244067034
            ],
            [
              81.30137100557822,
              21.2467405966686
            ]
          ],
          [
            [
              81.30358750621647,
              21.246646268365083
            ],
            [
              81.30349131364746,
              21.246736794411383
            ]
          ],
          [
            [
              81.28990205843057,
              21.246760701371507
            ],
            [
              81.2899018817134,
              21.246670348676357
            ]
          ],
          [
            [
              81.29019119171633,
              21.246760204113333
            ],
            [
              81.29009463712069,
              21.246670017227522
            ]
          ],
          [
            [
              81.30137100557822,
              21.2467405966686
            ],
            [
              81.3013711892873,
              21.246830949269203
            ]
          ],
          [
            [
              81.30349131364746,
              21.246736794411383
            ],
            [
              81.30349149864898,
              21.246827146994285
            ]
          ],
          [
            [
              81.28990223514867,
              21.246851054065687
            ],
            [
              81.28990205843057,
              21.246760701371507
            ]
          ],
          [
            [
              81.29028774642947,
              21.246850390941546
            ],
            [
              81.29019119171633,
              21.246760204113333
            ]
          ],
          [
            [
              81.3013711892873,
              21.246830949269203
            ],
            [
              81.30137137299734,
              21.24692130186883
            ]
          ],
          [
            [
              81.30349149864898,
              21.246827146994285
            ],
            [
              81.30349168365149,
              21.246917499576217
            ]
          ],
          [
            [
              81.28990241186771,
              21.246941406758893
            ],
            [
              81.28990223514867,
              21.246851054065687
            ]
          ],
          [
            [
              81.29038430126013,
              21.246940577712177
            ],
            [
              81.29028774642947,
              21.246850390941546
            ]
          ],
          [
            [
              81.30137137299734,
              21.24692130186883
            ],
            [
              81.30137155670836,
              21.247011654467496
            ]
          ],
          [
            [
              81.30349168365149,
              21.246917499576217
            ],
            [
              81.30339549084941,
              21.24700802556776
            ]
          ],
          [
            [
              81.2899025885877,
              21.247031759451136
            ],
            [
              81.28990241186771,
              21.246941406758893
            ]
          ],
          [
            [
              81.29048085620826,
              21.24703076442522
            ],
            [
              81.29038430126013,
              21.246940577712177
            ]
          ],
          [
            [
              81.29173376927078,
              21.24702860173384
            ],
            [
              81.29163756912688,
              21.247119121102525
            ]
          ],
          [
            [
              81.29183014719209,
              21.247028434987435
            ],
            [
              81.29173376927078,
              21.24702860173384
            ]
          ],
          [
            [
              81.29192652511249,
              21.24702826818595
            ],
            [
              81.29183014719209,
              21.247028434987435
            ]
          ],
          [
            [
              81.30137155670836,
              21.247011654467496
            ],
            [
              81.30137174042034,
              21.247102007065187
            ]
          ],
          [
            [
              81.30339549084941,
              21.24700802556776
            ],
            [
              81.30329929792987,
              21.247098551504873
            ]
          ],
          [
            [
              81.28990276530858,
              21.247122112142417
            ],
            [
              81.2899025885877,
              21.247031759451136
            ]
          ],
          [
            [
              81.29057741127392,
              21.24712095108067
            ],
            [
              81.29048085620826,
              21.24703076442522
            ]
          ],
          [
            [
              81.29154119114493,
              21.247119287739554
            ],
            [
              81.29144499082386,
              21.247209806999443
            ]
          ],
          [
            [
              81.29163756912688,
              21.247119121102525
            ],
            [
              81.29154119114493,
              21.247119287739554
            ]
          ],
          [
            [
              81.2919267030671,
              21.247118620860977
            ],
            [
              81.29192652511249,
              21.24702826818595
            ]
          ],
          [
            [
              81.29202308104531,
              21.24711845400364
            ],
            [
              81.2919267030671,
              21.247118620860977
            ]
          ],
          [
            [
              81.30137174042034,
              21.247102007065187
            ],
            [
              81.30137192413329,
              21.247192359661913
            ]
          ],
          [
            [
              81.30329929792987,
              21.247098551504873
            ],
            [
              81.30320310489282,
              21.247189077387564
            ]
          ],
          [
            [
              81.28990294203041,
              21.24721246483272
            ],
            [
              81.28990276530858,
              21.247122112142417
            ]
          ],
          [
            [
              81.29067396645705,
              21.24721113767853
            ],
            [
              81.29057741127392,
              21.24712095108067
            ]
          ],
          [
            [
              81.29077034450619,
              21.24721097153641
            ],
            [
              81.29067396645705,
              21.24721113767853
            ]
          ],
          [
            [
              81.29086672255437,
              21.24721080533922
            ],
            [
              81.29077034450619,
              21.24721097153641
            ]
          ],
          [
            [
              81.29096310060162,
              21.247210639086948
            ],
            [
              81.29086672255437,
              21.24721080533922
            ]
          ],
          [
            [
              81.29105947864794,
              21.2472104727796
            ],
            [
              81.29096310060162,
              21.247210639086948
            ]
          ],
          [
            [
              81.29115585669332,
              21.247210306417173
            ],
            [
              81.29105947864794,
              21.2472104727796
            ]
          ],
          [
            [
              81.29125223473778,
              21.247210139999673
            ],
            [
              81.29115585669332,
              21.247210306417173
            ]
          ],
          [
            [
              81.29134861278129,
              21.247209973527102
            ],
            [
              81.29125223473778,
              21.247210139999673
            ]
          ],
          [
            [
              81.29144499082386,
              21.247209806999443
            ],
            [
              81.29134861278129,
              21.247209973527102
            ]
          ],
          [
            [
              81.29202325905962,
              21.24720880667692
            ],
            [
              81.29202308104531,
              21.24711845400364
            ]
          ],
          [
            [
              81.30137192413329,
              21.247192359661913
            ],
            [
              81.30137210784721,
              21.247282712257665
            ]
          ],
          [
            [
              81.30320310489282,
              21.247189077387564
            ],
            [
              81.30310691173825,
              21.247279603215812
            ]
          ],
          [
            [
              81.28990311875317,
              21.24730281752206
            ],
            [
              81.28990294203041,
              21.24721246483272
            ]
          ],
          [
            [
              81.29211981516963,
              21.247298992435265
            ],
            [
              81.29202325905962,
              21.24720880667692
            ]
          ],
          [
            [
              81.30137210784721,
              21.247282712257665
            ],
            [
              81.3013722915621,
              21.247373064852454
            ]
          ],
          [
            [
              81.30310691173825,
              21.247279603215812
            ],
            [
              81.30301071846621,
              21.24737012898963
            ]
          ],
          [
            [
              81.28990329547688,
              21.24739317021043
            ],
            [
              81.28990311875317,
              21.24730281752206
            ]
          ],
          [
            [
              81.29221637139715,
              21.247389178136004
            ],
            [
              81.29211981516963,
              21.247298992435265
            ]
          ],
          [
            [
              81.3013722915621,
              21.247373064852454
            ],
            [
              81.3012760971573,
              21.247463589649197
            ]
          ],
          [
            [
              81.30301071846621,
              21.24737012898963
            ],
            [
              81.30291452507667,
              21.24746065470902
            ]
          ],
          [
            [
              81.28990347220152,
              21.247483522897824
            ],
            [
              81.28990329547688,
              21.24739317021043
            ]
          ],
          [
            [
              81.29231292774215,
              21.247479363779153
            ],
            [
              81.29221637139715,
              21.247389178136004
            ]
          ],
          [
            [
              81.29240930595158,
              21.2474791966984
            ],
            [
              81.29231292774215,
              21.247479363779153
            ]
          ],
          [
            [
              81.29250568416009,
              21.24747902956257
            ],
            [
              81.29240930595158,
              21.2474791966984
            ]
          ],
          [
            [
              81.29260206236764,
              21.24747886237167
            ],
            [
              81.29250568416009,
              21.24747902956257
            ]
          ],
          [
            [
              81.29269844057426,
              21.24747869512568
            ],
            [
              81.29260206236764,
              21.24747886237167
            ]
          ],
          [
            [
              81.29279481877994,
              21.247478527824622
            ],
            [
              81.29269844057426,
              21.24747869512568
            ]
          ],
          [
            [
              81.29289119698467,
              21.247478360468484
            ],
            [
              81.29279481877994,
              21.247478527824622
            ]
          ],
          [
            [
              81.29298757518845,
              21.247478193057276
            ],
            [
              81.29289119698467,
              21.247478360468484
            ]
          ],
          [
            [
              81.3012760971573,
              21.247463589649197
            ],
            [
              81.30117990263498,
              21.247554114391495
            ]
          ],
          [
            [
              81.30291452507667,
              21.24746065470902
            ],
            [
              81.30281833156961,
              21.247551180373968
            ]
          ],
          [
            [
              81.28990364892708,
              21.247573875584255
            ],
            [
              81.28990347220152,
              21.247483522897824
            ]
          ],
          [
            [
              81.29308413205563,
              21.247568378251824
            ],
            [
              81.29298757518845,
              21.247478193057276
            ]
          ],
          [
            [
              81.30117990263498,
              21.247554114391495
            ],
            [
              81.30108370799518,
              21.247644639079354
            ]
          ],
          [
            [
              81.30281833156961,
              21.247551180373968
            ],
            [
              81.30272213794507,
              21.24764170598449
            ]
          ],
          [
            [
              81.28990382565357,
              21.24766422826972
            ],
            [
              81.28990364892708,
              21.247573875584255
            ]
          ],
          [
            [
              81.2931806890403,
              21.247658563388775
            ],
            [
              81.29308413205563,
              21.247568378251824
            ]
          ],
          [
            [
              81.29327706735877,
              21.247658395810763
            ],
            [
              81.2931806890403,
              21.247658563388775
            ]
          ],
          [
            [
              81.2933734456763,
              21.24765822817768
            ],
            [
              81.29327706735877,
              21.247658395810763
            ]
          ],
          [
            [
              81.29346982399287,
              21.24765806048952
            ],
            [
              81.2933734456763,
              21.24765822817768
            ]
          ],
          [
            [
              81.2935662023085,
              21.24765789274628
            ],
            [
              81.29346982399287,
              21.24765806048952
            ]
          ],
          [
            [
              81.29366258062319,
              21.247657724947963
            ],
            [
              81.2935662023085,
              21.24765789274628
            ]
          ],
          [
            [
              81.29375895893693,
              21.247657557094566
            ],
            [
              81.29366258062319,
              21.247657724947963
            ]
          ],
          [
            [
              81.29385533724974,
              21.247657389186095
            ],
            [
              81.29375895893693,
              21.247657557094566
            ]
          ],
          [
            [
              81.2939517155616,
              21.247657221222546
            ],
            [
              81.29385533724974,
              21.247657389186095
            ]
          ],
          [
            [
              81.29404809387252,
              21.24765705320392
            ],
            [
              81.2939517155616,
              21.247657221222546
            ]
          ],
          [
            [
              81.29414447218248,
              21.247656885130212
            ],
            [
              81.29404809387252,
              21.24765705320392
            ]
          ],
          [
            [
              81.30108370799518,
              21.247644639079354
            ],
            [
              81.30098751323787,
              21.247735163712758
            ]
          ],
          [
            [
              81.30272213794507,
              21.24764170598449
            ],
            [
              81.30262594420302,
              21.247732231540567
            ]
          ],
          [
            [
              81.289904002381,
              21.24775458095421
            ],
            [
              81.28990382565357,
              21.24766422826972
            ]
          ],
          [
            [
              81.29424102986272,
              21.24774706965096
            ],
            [
              81.29414447218248,
              21.247656885130212
            ]
          ],
          [
            [
              81.30098751323787,
              21.247735163712758
            ],
            [
              81.30089131836306,
              21.247825688291723
            ]
          ],
          [
            [
              81.30262594420302,
              21.247732231540567
            ],
            [
              81.30252975034347,
              21.247822757042208
            ]
          ],
          [
            [
              81.28990417910934,
              21.247844933637733
            ],
            [
              81.289904002381,
              21.24775458095421
            ]
          ],
          [
            [
              81.29433758766046,
              21.247837254114096
            ],
            [
              81.29424102986272,
              21.24774706965096
            ]
          ],
          [
            [
              81.2944339660851,
              21.247837085873588
            ],
            [
              81.29433758766046,
              21.247837254114096
            ]
          ],
          [
            [
              81.29453034450877,
              21.247836917578002
            ],
            [
              81.2944339660851,
              21.247837085873588
            ]
          ],
          [
            [
              81.30089131836306,
              21.247825688291723
            ],
            [
              81.30079512337075,
              21.247916212816243
            ]
          ],
          [
            [
              81.30252975034347,
              21.247822757042208
            ],
            [
              81.30243355636641,
              21.247913282489417
            ]
          ],
          [
            [
              81.28980797731111,
              21.24793545197289
            ],
            [
              81.28990417910934,
              21.247844933637733
            ]
          ],
          [
            [
              81.28990435583864,
              21.247935286320292
            ],
            [
              81.28990417910934,
              21.247844933637733
            ]
          ],
          [
            [
              81.29819290568605,
              21.247920834148214
            ],
            [
              81.29809670896394,
              21.248011357152667
            ]
          ],
          [
            [
              81.29828928413131,
              21.24792066370379
            ],
            [
              81.29819290568605,
              21.247920834148214
            ]
          ],
          [
            [
              81.29838566257563,
              21.247920493204287
            ],
            [
              81.29828928413131,
              21.24792066370379
            ]
          ],
          [
            [
              81.30079512337075,
              21.247916212816243
            ],
            [
              81.30069892826093,
              21.248006737286318
            ]
          ],
          [
            [
              81.30243355636641,
              21.247913282489417
            ],
            [
              81.30233736227186,
              21.248003807882178
            ]
          ],
          [
            [
              81.28971177539538,
              21.248025970253533
            ],
            [
              81.28980797731111,
              21.24793545197289
            ]
          ],
          [
            [
              81.28990453256887,
              21.24802563900188
            ],
            [
              81.28990435583864,
              21.247935286320292
            ]
          ],
          [
            [
              81.29809670896394,
              21.248011357152667
            ],
            [
              81.29809689068902,
              21.248101709766814
            ]
          ],
          [
            [
              81.298385844476,
              21.248010845817017
            ],
            [
              81.29838566257563,
              21.247920493204287
            ]
          ],
          [
            [
              81.2984822229781,
              21.248010675261643
            ],
            [
              81.298385844476,
              21.248010845817017
            ]
          ],
          [
            [
              81.30069892826093,
              21.248006737286318
            ],
            [
              81.3006027330336,
              21.248097261701936
            ]
          ],
          [
            [
              81.30233736227186,
              21.248003807882178
            ],
            [
              81.3022411680598,
              21.248094333220507
            ]
          ],
          [
            [
              81.28961557336211,
              21.248116488479674
            ],
            [
              81.28971177539538,
              21.248025970253533
            ]
          ],
          [
            [
              81.28990470930003,
              21.248115991682493
            ],
            [
              81.28990453256887,
              21.24802563900188
            ]
          ],
          [
            [
              81.29809689068902,
              21.248101709766814
            ],
            [
              81.29800069379162,
              21.248192232716633
            ]
          ],
          [
            [
              81.29857878349809,
              21.248100857261363
            ],
            [
              81.2984822229781,
              21.248010675261643
            ]
          ],
          [
            [
              81.3006027330336,
              21.248097261701936
            ],
            [
              81.30050653768879,
              21.248187786063117
            ]
          ],
          [
            [
              81.3022411680598,
              21.248094333220507
            ],
            [
              81.30214497373024,
              21.2481848585044
            ]
          ],
          [
            [
              81.2880736905011,
              21.248209482386876
            ],
            [
              81.28817006922161,
              21.248209317723393
            ]
          ],
          [
            [
              81.28817006922161,
              21.248209317723393
            ],
            [
              81.2882664479412,
              21.248209153004833
            ]
          ],
          [
            [
              81.2882664479412,
              21.248209153004833
            ],
            [
              81.28836282665985,
              21.248208988231195
            ]
          ],
          [
            [
              81.28836282665985,
              21.248208988231195
            ],
            [
              81.28845938122932,
              21.24829917609269
            ]
          ],
          [
            [
              81.28894109895234,
              21.24820799843268
            ],
            [
              81.2890374776645,
              21.248207833273487
            ]
          ],
          [
            [
              81.2890374776645,
              21.248207833273487
            ],
            [
              81.28913385637574,
              21.24820766805921
            ]
          ],
          [
            [
              81.28913385637574,
              21.24820766805921
            ],
            [
              81.28923023508604,
              21.248207502789857
            ]
          ],
          [
            [
              81.28923023508604,
              21.248207502789857
            ],
            [
              81.28932661379541,
              21.248207337465416
            ]
          ],
          [
            [
              81.28932661379541,
              21.248207337465416
            ],
            [
              81.28942299250386,
              21.248207172085905
            ]
          ],
          [
            [
              81.28942299250386,
              21.248207172085905
            ],
            [
              81.28951937121137,
              21.24820700665131
            ]
          ],
          [
            [
              81.28951937121137,
              21.24820700665131
            ],
            [
              81.28961557336211,
              21.248116488479674
            ]
          ],
          [
            [
              81.28990488603212,
              21.248206344362146
            ],
            [
              81.28990470930003,
              21.248115991682493
            ]
          ],
          [
            [
              81.29800069379162,
              21.248192232716633
            ],
            [
              81.29790449677671,
              21.248282755611996
            ]
          ],
          [
            [
              81.29867534413557,
              21.248191039203448
            ],
            [
              81.29857878349809,
              21.248100857261363
            ]
          ],
          [
            [
              81.2987717227523,
              21.248190868481245
            ],
            [
              81.29867534413557,
              21.248191039203448
            ]
          ],
          [
            [
              81.29886810136807,
              21.24819069770397
            ],
            [
              81.2987717227523,
              21.248190868481245
            ]
          ],
          [
            [
              81.29896447998287,
              21.24819052687161
            ],
            [
              81.29886810136807,
              21.24819069770397
            ]
          ],
          [
            [
              81.30050653768879,
              21.248187786063117
            ],
            [
              81.30041034222646,
              21.24827831036984
            ]
          ],
          [
            [
              81.30214497373024,
              21.2481848585044
            ],
            [
              81.30204877928317,
              21.248275383733844
            ]
          ],
          [
            [
              81.28797748733761,
              21.248299999689333
            ],
            [
              81.2880736905011,
              21.248209482386876
            ]
          ],
          [
            [
              81.28845938122932,
              21.24829917609269
            ],
            [
              81.28855576000488,
              21.248299011208125
            ]
          ],
          [
            [
              81.28855576000488,
              21.248299011208125
            ],
            [
              81.28865231474967,
              21.248389198956197
            ]
          ],
          [
            [
              81.28884489632598,
              21.248298516223944
            ],
            [
              81.28894109895234,
              21.24820799843268
            ]
          ],
          [
            [
              81.28990506276513,
              21.248296697040818
            ],
            [
              81.28990488603212,
              21.248206344362146
            ]
          ],
          [
            [
              81.29790449677671,
              21.248282755611996
            ],
            [
              81.2978082996443,
              21.248373278452892
            ]
          ],
          [
            [
              81.29906104091123,
              21.24828070858844
            ],
            [
              81.29896447998287,
              21.24819052687161
            ]
          ],
          [
            [
              81.29915741958287,
              21.248280537645122
            ],
            [
              81.29906104091123,
              21.24828070858844
            ]
          ],
          [
            [
              81.29925379825355,
              21.248280366646732
            ],
            [
              81.29915741958287,
              21.248280537645122
            ]
          ],
          [
            [
              81.29935017692324,
              21.24828019559326
            ],
            [
              81.29925379825355,
              21.248280366646732
            ]
          ],
          [
            [
              81.299446555592,
              21.248280024484707
            ],
            [
              81.29935017692324,
              21.24828019559326
            ]
          ],
          [
            [
              81.29954293425979,
              21.248279853321076
            ],
            [
              81.299446555592,
              21.248280024484707
            ]
          ],
          [
            [
              81.2996393129266,
              21.248279682102368
            ],
            [
              81.29954293425979,
              21.248279853321076
            ]
          ],
          [
            [
              81.29973569159246,
              21.24827951082858
            ],
            [
              81.2996393129266,
              21.248279682102368
            ]
          ],
          [
            [
              81.29983207025735,
              21.248279339499714
            ],
            [
              81.29973569159246,
              21.24827951082858
            ]
          ],
          [
            [
              81.29992844892129,
              21.24827916811577
            ],
            [
              81.29983207025735,
              21.248279339499714
            ]
          ],
          [
            [
              81.30002482758425,
              21.24827899667674
            ],
            [
              81.29992844892129,
              21.24827916811577
            ]
          ],
          [
            [
              81.30012120624625,
              21.248278825182634
            ],
            [
              81.30002482758425,
              21.24827899667674
            ]
          ],
          [
            [
              81.30021758490729,
              21.24827865363345
            ],
            [
              81.30012120624625,
              21.248278825182634
            ]
          ],
          [
            [
              81.30031396356736,
              21.24827848202918
            ],
            [
              81.30021758490729,
              21.24827865363345
            ]
          ],
          [
            [
              81.30041034222646,
              21.24827831036984
            ],
            [
              81.30031396356736,
              21.24827848202918
            ]
          ],
          [
            [
              81.3005067208846,
              21.248278138655415
            ],
            [
              81.30041034222646,
              21.24827831036984
            ]
          ],
          [
            [
              81.30060309954177,
              21.24827796688591
            ],
            [
              81.3005067208846,
              21.248278138655415
            ]
          ],
          [
            [
              81.30069947819797,
              21.248277795061327
            ],
            [
              81.30060309954177,
              21.24827796688591
            ]
          ],
          [
            [
              81.30079585685321,
              21.24827762318167
            ],
            [
              81.30069947819797,
              21.248277795061327
            ]
          ],
          [
            [
              81.30089223550748,
              21.248277451246928
            ],
            [
              81.30079585685321,
              21.24827762318167
            ]
          ],
          [
            [
              81.30098861416077,
              21.24827727925711
            ],
            [
              81.30089223550748,
              21.248277451246928
            ]
          ],
          [
            [
              81.30108499281312,
              21.24827710721221
            ],
            [
              81.30098861416077,
              21.24827727925711
            ]
          ],
          [
            [
              81.30118137146448,
              21.24827693511223
            ],
            [
              81.30108499281312,
              21.24827710721221
            ]
          ],
          [
            [
              81.30127775011488,
              21.24827676295717
            ],
            [
              81.30118137146448,
              21.24827693511223
            ]
          ],
          [
            [
              81.30137412876432,
              21.24827659074704
            ],
            [
              81.30127775011488,
              21.24827676295717
            ]
          ],
          [
            [
              81.30147050741277,
              21.24827641848182
            ],
            [
              81.30137412876432,
              21.24827659074704
            ]
          ],
          [
            [
              81.30156688606027,
              21.24827624616152
            ],
            [
              81.30147050741277,
              21.24827641848182
            ]
          ],
          [
            [
              81.30166326470679,
              21.248276073786144
            ],
            [
              81.30156688606027,
              21.24827624616152
            ]
          ],
          [
            [
              81.30175964335234,
              21.248275901355687
            ],
            [
              81.30166326470679,
              21.248276073786144
            ]
          ],
          [
            [
              81.30185602199693,
              21.24827572887015
            ],
            [
              81.30175964335234,
              21.248275901355687
            ]
          ],
          [
            [
              81.30195240064053,
              21.24827555632954
            ],
            [
              81.30185602199693,
              21.24827572887015
            ]
          ],
          [
            [
              81.30204877928317,
              21.248275383733844
            ],
            [
              81.30195240064053,
              21.24827555632954
            ]
          ],
          [
            [
              81.28788128405664,
              21.248390516937274
            ],
            [
              81.28797748733761,
              21.248299999689333
            ]
          ],
          [
            [
              81.28865231474967,
              21.248389198956197
            ],
            [
              81.28874869358212,
              21.248389033960702
            ]
          ],
          [
            [
              81.28874869358212,
              21.248389033960702
            ],
            [
              81.28884489632598,
              21.248298516223944
            ]
          ],
          [
            [
              81.28990523949908,
              21.248387049718538
            ],
            [
              81.28990506276513,
              21.248296697040818
            ]
          ],
          [
            [
              81.2978082996443,
              21.248373278452892
            ],
            [
              81.29771210239437,
              21.24846380123932
            ]
          ],
          [
            [
              81.30185620601624,
              21.248366081450275
            ],
            [
              81.30175964335234,
              21.248275901355687
            ]
          ],
          [
            [
              81.28778508065814,
              21.24848103413069
            ],
            [
              81.28788128405664,
              21.248390516937274
            ]
          ],
          [
            [
              81.28990541623396,
              21.248477402395277
            ],
            [
              81.28990523949908,
              21.248387049718538
            ]
          ],
          [
            [
              81.29703745074957,
              21.248464990913583
            ],
            [
              81.29694125296416,
              21.24855551326552
            ]
          ],
          [
            [
              81.29713382955883,
              21.248464821125353
            ],
            [
              81.29703745074957,
              21.248464990913583
            ]
          ],
          [
            [
              81.29723020836714,
              21.248464651282045
            ],
            [
              81.29713382955883,
              21.248464821125353
            ]
          ],
          [
            [
              81.29732658717451,
              21.24846448138366
            ],
            [
              81.29723020836714,
              21.248464651282045
            ]
          ],
          [
            [
              81.29742296598091,
              21.248464311430194
            ],
            [
              81.29732658717451,
              21.24846448138366
            ]
          ],
          [
            [
              81.29751934478635,
              21.248464141421653
            ],
            [
              81.29742296598091,
              21.248464311430194
            ]
          ],
          [
            [
              81.29761572359084,
              21.248463971358028
            ],
            [
              81.29751934478635,
              21.248464141421653
            ]
          ],
          [
            [
              81.29771210239437,
              21.24846380123932
            ],
            [
              81.29761572359084,
              21.248463971358028
            ]
          ],
          [
            [
              81.30195276879763,
              21.2484562614872
            ],
            [
              81.30185620601624,
              21.248366081450275
            ]
          ],
          [
            [
              81.28778525610139,
              21.248571386823368
            ],
            [
              81.28778508065814,
              21.24848103413069
            ]
          ],
          [
            [
              81.28990559296977,
              21.248567755071054
            ],
            [
              81.28990541623396,
              21.248477402395277
            ]
          ],
          [
            [
              81.29694125296416,
              21.24855551326552
            ],
            [
              81.29684505506127,
              21.248646035563
            ]
          ],
          [
            [
              81.30204933169655,
              21.248546441466477
            ],
            [
              81.30195276879763,
              21.2484562614872
            ]
          ],
          [
            [
              81.28768905252755,
              21.24866190396207
            ],
            [
              81.28778525610139,
              21.248571386823368
            ]
          ],
          [
            [
              81.28990576970654,
              21.24865810774586
            ],
            [
              81.28990559296977,
              21.248567755071054
            ]
          ],
          [
            [
              81.29684505506127,
              21.248646035563
            ],
            [
              81.29674885704085,
              21.248736557805998
            ]
          ],
          [
            [
              81.30214589471296,
              21.248636621388094
            ],
            [
              81.30204933169655,
              21.248546441466477
            ]
          ],
          [
            [
              81.28759284883621,
              21.248752421046248
            ],
            [
              81.28768905252755,
              21.24866190396207
            ]
          ],
          [
            [
              81.28990594644421,
              21.24874846041969
            ],
            [
              81.28990576970654,
              21.24865810774586
            ]
          ],
          [
            [
              81.29674885704085,
              21.248736557805998
            ],
            [
              81.29665265890293,
              21.24882707999453
            ]
          ],
          [
            [
              81.30224245784689,
              21.248726801252054
            ],
            [
              81.30214589471296,
              21.248636621388094
            ]
          ],
          [
            [
              81.28421975380964,
              21.248848492806832
            ],
            [
              81.28431613297825,
              21.248848330341232
            ]
          ],
          [
            [
              81.28431613297825,
              21.248848330341232
            ],
            [
              81.28441268553644,
              21.24893852053599
            ]
          ],
          [
            [
              81.28759302416472,
              21.248842773737557
            ],
            [
              81.28759284883621,
              21.248752421046248
            ]
          ],
          [
            [
              81.28990612318282,
              21.24883881309257
            ],
            [
              81.28990594644421,
              21.24874846041969
            ]
          ],
          [
            [
              81.29665265890293,
              21.24882707999453
            ],
            [
              81.29655646064751,
              21.248917602128586
            ]
          ],
          [
            [
              81.30233902109832,
              21.248816981058365
            ],
            [
              81.30224245784689,
              21.248726801252054
            ]
          ],
          [
            [
              81.28441268553644,
              21.24893852053599
            ],
            [
              81.28450906476198,
              21.248938357959474
            ]
          ],
          [
            [
              81.28450906476198,
              21.248938357959474
            ],
            [
              81.28460544398659,
              21.248938195327874
            ]
          ],
          [
            [
              81.28460544398659,
              21.248938195327874
            ],
            [
              81.28470199677797,
              21.249028385353395
            ]
          ],
          [
            [
              81.28749682029805,
              21.24893329076701
            ],
            [
              81.28759302416472,
              21.248842773737557
            ]
          ],
          [
            [
              81.28990629992236,
              21.248929165764462
            ],
            [
              81.28990612318282,
              21.24883881309257
            ]
          ],
          [
            [
              81.29655646064751,
              21.248917602128586
            ],
            [
              81.29646026227458,
              21.24900812420818
            ]
          ],
          [
            [
              81.30243558446726,
              21.248907160807
            ],
            [
              81.30233902109832,
              21.248816981058365
            ]
          ],
          [
            [
              81.28470199677797,
              21.249028385353395
            ],
            [
              81.28479837605951,
              21.24902822261087
            ]
          ],
          [
            [
              81.28479837605951,
              21.24902822261087
            ],
            [
              81.28489475534013,
              21.249028059813273
            ]
          ],
          [
            [
              81.28489475534013,
              21.249028059813273
            ],
            [
              81.28499130836471,
              21.24911824966955
            ]
          ],
          [
            [
              81.28740061631386,
              21.249023807741953
            ],
            [
              81.28749682029805,
              21.24893329076701
            ]
          ],
          [
            [
              81.28990647666285,
              21.24901951843539
            ],
            [
              81.28990629992236,
              21.248929165764462
            ]
          ],
          [
            [
              81.29646026227458,
              21.24900812420818
            ],
            [
              81.29636406378413,
              21.24909864623329
            ]
          ],
          [
            [
              81.30253214795371,
              21.24899734049799
            ],
            [
              81.30243558446726,
              21.248907160807
            ]
          ],
          [
            [
              81.30551989981178,
              21.248991953974333
            ],
            [
              81.30542370693531,
              21.249082481101873
            ]
          ],
          [
            [
              81.28499130836471,
              21.24911824966955
            ],
            [
              81.28508786150681,
              21.249208439468255
            ]
          ],
          [
            [
              81.28730441221217,
              21.24911432466237
            ],
            [
              81.28740061631386,
              21.249023807741953
            ]
          ],
          [
            [
              81.28990665340426,
              21.249109871105357
            ],
            [
              81.28990647666285,
              21.24901951843539
            ]
          ],
          [
            [
              81.29636406378413,
              21.24909864623329
            ],
            [
              81.29626786517616,
              21.24918916820393
            ]
          ],
          [
            [
              81.30262871155767,
              21.24908752013132
            ],
            [
              81.30253214795371,
              21.24899734049799
            ]
          ],
          [
            [
              81.30542370693531,
              21.249082481101873
            ],
            [
              81.30532751394131,
              21.24917300817497
            ]
          ],
          [
            [
              81.28508786150681,
              21.249208439468255
            ],
            [
              81.2851842409022,
              21.24920827650389
            ]
          ],
          [
            [
              81.2851842409022,
              21.24920827650389
            ],
            [
              81.28518441476642,
              21.249298629209395
            ]
          ],
          [
            [
              81.28643717295863,
              21.249206152954677
            ],
            [
              81.28653355234115,
              21.24920598921916
            ]
          ],
          [
            [
              81.28653355234115,
              21.24920598921916
            ],
            [
              81.28662993172276,
              21.249205825428565
            ]
          ],
          [
            [
              81.28662993172276,
              21.249205825428565
            ],
            [
              81.28672631110342,
              21.249205661582884
            ]
          ],
          [
            [
              81.28672631110342,
              21.249205661582884
            ],
            [
              81.28682269048318,
              21.249205497682127
            ]
          ],
          [
            [
              81.28682269048318,
              21.249205497682127
            ],
            [
              81.28691906986201,
              21.24920533372628
            ]
          ],
          [
            [
              81.28691906986201,
              21.24920533372628
            ],
            [
              81.28701544923992,
              21.249205169715356
            ]
          ],
          [
            [
              81.28701544923992,
              21.249205169715356
            ],
            [
              81.2871118286169,
              21.249205005649348
            ]
          ],
          [
            [
              81.2871118286169,
              21.249205005649348
            ],
            [
              81.28720820799298,
              21.249204841528254
            ]
          ],
          [
            [
              81.28720820799298,
              21.249204841528254
            ],
            [
              81.28730441221217,
              21.24911432466237
            ]
          ],
          [
            [
              81.28990683014659,
              21.249200223774345
            ],
            [
              81.28990665340426,
              21.249109871105357
            ]
          ],
          [
            [
              81.29626786517616,
              21.24918916820393
            ],
            [
              81.2961716664507,
              21.249279690120098
            ]
          ],
          [
            [
              81.30272527527914,
              21.24917769970698
            ],
            [
              81.30262871155767,
              21.24908752013132
            ]
          ],
          [
            [
              81.30532751394131,
              21.24917300817497
            ],
            [
              81.3052313208298,
              21.24926353519365
            ]
          ],
          [
            [
              81.28518441476642,
              21.249298629209395
            ],
            [
              81.28528096814352,
              21.249388818892964
            ]
          ],
          [
            [
              81.28634096814449,
              21.249296669331496
            ],
            [
              81.28643717295863,
              21.249206152954677
            ]
          ],
          [
            [
              81.28990700688988,
              21.249290576442373
            ],
            [
              81.28990683014659,
              21.249200223774345
            ]
          ],
          [
            [
              81.2961716664507,
              21.249279690120098
            ],
            [
              81.29607546760772,
              21.249370211981788
            ]
          ],
          [
            [
              81.30282183911812,
              21.249267879224988
            ],
            [
              81.30272527527914,
              21.24917769970698
            ]
          ],
          [
            [
              81.3052313208298,
              21.24926353519365
            ],
            [
              81.30513512760078,
              21.2493540621579
            ]
          ],
          [
            [
              81.28528096814352,
              21.249388818892964
            ],
            [
              81.28537752163815,
              21.249479008518964
            ]
          ],
          [
            [
              81.28624476321282,
              21.24938718565378
            ],
            [
              81.28634096814449,
              21.249296669331496
            ]
          ],
          [
            [
              81.28990718363409,
              21.249380929109424
            ],
            [
              81.28990700688988,
              21.249290576442373
            ]
          ],
          [
            [
              81.29607546760772,
              21.249370211981788
            ],
            [
              81.29597926864722,
              21.249460733789
            ]
          ],
          [
            [
              81.30291840307463,
              21.24935805868533
            ],
            [
              81.30282183911812,
              21.249267879224988
            ]
          ],
          [
            [
              81.30503874828432,
              21.24935423652586
            ],
            [
              81.30494255487805,
              21.249444763381412
            ]
          ],
          [
            [
              81.30513512760078,
              21.2493540621579
            ],
            [
              81.30503874828432,
              21.24935423652586
            ]
          ],
          [
            [
              81.28537752163815,
              21.249479008518964
            ],
            [
              81.28537769562263,
              21.249569361220047
            ]
          ],
          [
            [
              81.28566666034212,
              21.249478518958053
            ],
            [
              81.28576303990826,
              21.249478355660912
            ]
          ],
          [
            [
              81.28576303990826,
              21.249478355660912
            ],
            [
              81.2858594194735,
              21.249478192308693
            ]
          ],
          [
            [
              81.2858594194735,
              21.249478192308693
            ],
            [
              81.2859557990378,
              21.24947802890139
            ]
          ],
          [
            [
              81.2859557990378,
              21.24947802890139
            ],
            [
              81.2860521786012,
              21.249477865439
            ]
          ],
          [
            [
              81.2860521786012,
              21.249477865439
            ],
            [
              81.28614855816366,
              21.249477701921535
            ]
          ],
          [
            [
              81.28614855816366,
              21.249477701921535
            ],
            [
              81.28624476321282,
              21.24938718565378
            ]
          ],
          [
            [
              81.28990736037922,
              21.249471281775506
            ],
            [
              81.28990718363409,
              21.249380929109424
            ]
          ],
          [
            [
              81.29597926864722,
              21.249460733789
            ],
            [
              81.2958830695692,
              21.249551255541743
            ]
          ],
          [
            [
              81.30301496714863,
              21.249448238088007
            ],
            [
              81.30291840307463,
              21.24935805868533
            ]
          ],
          [
            [
              81.30494255487805,
              21.249444763381412
            ],
            [
              81.30484636135427,
              21.249535290182536
            ]
          ],
          [
            [
              81.28537769562263,
              21.249569361220047
            ],
            [
              81.28547407525029,
              21.249569198087393
            ]
          ],
          [
            [
              81.28547407525029,
              21.249569198087393
            ],
            [
              81.28557045487703,
              21.249569034899668
            ]
          ],
          [
            [
              81.28557045487703,
              21.249569034899668
            ],
            [
              81.28566666034212,
              21.249478518958053
            ]
          ],
          [
            [
              81.28990753712529,
              21.24956163444063
            ],
            [
              81.28990736037922,
              21.249471281775506
            ]
          ],
          [
            [
              81.2958830695692,
              21.249551255541743
            ],
            [
              81.29578687037369,
              21.249641777240004
            ]
          ],
          [
            [
              81.30311153134015,
              21.24953841743303
            ],
            [
              81.30301496714863,
              21.249448238088007
            ]
          ],
          [
            [
              81.30484636135427,
              21.249535290182536
            ],
            [
              81.30475016771297,
              21.24962581692923
            ]
          ],
          [
            [
              81.3079305028162,
              21.24952968655985
            ],
            [
              81.30783431108665,
              21.24962021504312
            ]
          ],
          [
            [
              81.3080268822206,
              21.249529510537773
            ],
            [
              81.3079305028162,
              21.24952968655985
            ]
          ],
          [
            [
              81.308123261624,
              21.249529334460618
            ],
            [
              81.3080268822206,
              21.249529510537773
            ]
          ],
          [
            [
              81.28990771387228,
              21.24965198710478
            ],
            [
              81.28990753712529,
              21.24956163444063
            ]
          ],
          [
            [
              81.29578687037369,
              21.249641777240004
            ],
            [
              81.29569067106064,
              21.249732298883778
            ]
          ],
          [
            [
              81.30320809564918,
              21.24962859672038
            ],
            [
              81.30311153134015,
              21.24953841743303
            ]
          ],
          [
            [
              81.30475016771297,
              21.24962581692923
            ],
            [
              81.30465397395416,
              21.249716343621483
            ]
          ],
          [
            [
              81.30783431108665,
              21.24962021504312
            ],
            [
              81.30773811923959,
              21.24971074347197
            ]
          ],
          [
            [
              81.28990789062023,
              21.24974233976795
            ],
            [
              81.28990771387228,
              21.24965198710478
            ]
          ],
          [
            [
              81.29000427032192,
              21.24974217404485
            ],
            [
              81.28990771387228,
              21.24965198710478
            ]
          ],
          [
            [
              81.29569067106064,
              21.249732298883778
            ],
            [
              81.2955944716301,
              21.249822820473085
            ]
          ],
          [
            [
              81.30320828050566,
              21.249718949274698
            ],
            [
              81.30320809564918,
              21.24962859672038
            ]
          ],
          [
            [
              81.30465397395416,
              21.249716343621483
            ],
            [
              81.30455778007784,
              21.24980687025931
            ]
          ],
          [
            [
              81.30773811923959,
              21.24971074347197
            ],
            [
              81.30764192727501,
              21.249801271846415
            ]
          ],
          [
            [
              81.2899080673691,
              21.249832692430164
            ],
            [
              81.28990789062023,
              21.24974233976795
            ]
          ],
          [
            [
              81.29010082688907,
              21.249832360927336
            ],
            [
              81.29000427032192,
              21.24974217404485
            ]
          ],
          [
            [
              81.2955944716301,
              21.249822820473085
            ],
            [
              81.29559465184663,
              21.249913173088373
            ]
          ],
          [
            [
              81.30330484499194,
              21.24980912850261
            ],
            [
              81.30320828050566,
              21.249718949274698
            ]
          ],
          [
            [
              81.3043650208446,
              21.249807218287277
            ],
            [
              81.3042688267313,
              21.249897744762126
            ]
          ],
          [
            [
              81.3044614004617,
              21.24980704430084
            ],
            [
              81.3043650208446,
              21.249807218287277
            ]
          ],
          [
            [
              81.30455778007784,
              21.24980687025931
            ],
            [
              81.3044614004617,
              21.24980704430084
            ]
          ],
          [
            [
              81.30764192727501,
              21.249801271846415
            ],
            [
              81.30754573519292,
              21.249891800166434
            ]
          ],
          [
            [
              81.28990824411889,
              21.249923045091407
            ],
            [
              81.2899080673691,
              21.249832692430164
            ]
          ],
          [
            [
              81.29019738357374,
              21.24992254775222
            ],
            [
              81.29010082688907,
              21.249832360927336
            ]
          ],
          [
            [
              81.29559465184663,
              21.249913173088373
            ],
            [
              81.29559483206411,
              21.250003525702706
            ]
          ],
          [
            [
              81.30330502990913,
              21.24989948105418
            ],
            [
              81.30330484499194,
              21.24980912850261
            ]
          ],
          [
            [
              81.30340140959575,
              21.24989930767285
            ],
            [
              81.30330484499194,
              21.24980912850261
            ]
          ],
          [
            [
              81.30417244705347,
              21.24989791863921
            ],
            [
              81.30407625276291,
              21.24998844500535
            ]
          ],
          [
            [
              81.3042688267313,
              21.249897744762126
            ],
            [
              81.30417244705347,
              21.24989791863921
            ]
          ],
          [
            [
              81.30744935554854,
              21.249891975916363
            ],
            [
              81.30735316328918,
              21.249982504127708
            ]
          ],
          [
            [
              81.30754573519292,
              21.249891800166434
            ],
            [
              81.30744935554854,
              21.249891975916363
            ]
          ],
          [
            [
              81.28990842086964,
              21.25001339775168
            ],
            [
              81.28990824411889,
              21.249923045091407
            ]
          ],
          [
            [
              81.2902939403759,
              21.25001273451951
            ],
            [
              81.29019738357374,
              21.24992254775222
            ]
          ],
          [
            [
              81.29559483206411,
              21.250003525702706
            ],
            [
              81.29559501228256,
              21.25009387831607
            ]
          ],
          [
            [
              81.30330521482729,
              21.249989833604786
            ],
            [
              81.30330502990913,
              21.24989948105418
            ]
          ],
          [
            [
              81.30349797431705,
              21.24998948678543
            ],
            [
              81.30340140959575,
              21.24989930767285
            ]
          ],
          [
            [
              81.30359435406048,
              21.249989313293128
            ],
            [
              81.30349797431705,
              21.24998948678543
            ]
          ],
          [
            [
              81.30388349328486,
              21.24998879248571
            ],
            [
              81.3037872987573,
              21.25007931868887
            ]
          ],
          [
            [
              81.30397987302437,
              21.249988618773077
            ],
            [
              81.30388349328486,
              21.24998879248571
            ]
          ],
          [
            [
              81.30407625276291,
              21.24998844500535
            ],
            [
              81.30397987302437,
              21.249988618773077
            ]
          ],
          [
            [
              81.30735316328918,
              21.249982504127708
            ],
            [
              81.3072569709123,
              21.25007303228463
            ]
          ],
          [
            [
              81.28990859762129,
              21.250103750410986
            ],
            [
              81.28990842086964,
              21.25001339775168
            ]
          ],
          [
            [
              81.29039049729562,
              21.2501029212292
            ],
            [
              81.2902939403759,
              21.25001273451951
            ]
          ],
          [
            [
              81.29559501228256,
              21.25009387831607
            ],
            [
              81.29559519250195,
              21.250184230928447
            ]
          ],
          [
            [
              81.30330539974644,
              21.250080186154417
            ],
            [
              81.30330521482729,
              21.249989833604786
            ]
          ],
          [
            [
              81.30369091895709,
              21.250079492292144
            ],
            [
              81.30359435406048,
              21.249989313293128
            ]
          ],
          [
            [
              81.3037872987573,
              21.25007931868887
            ],
            [
              81.30369091895709,
              21.250079492292144
            ]
          ],
          [
            [
              81.3072569709123,
              21.25007303228463
            ],
            [
              81.30725715824153,
              21.250163384799997
            ]
          ],
          [
            [
              81.2899087743739,
              21.250194103069315
            ],
            [
              81.28990859762129,
              21.250103750410986
            ]
          ],
          [
            [
              81.29048705433281,
              21.25019310788129
            ],
            [
              81.29039049729562,
              21.2501029212292
            ]
          ],
          [
            [
              81.29559519250195,
              21.250184230928447
            ],
            [
              81.29559537272229,
              21.250274583539877
            ]
          ],
          [
            [
              81.30330558466655,
              21.25017053870308
            ],
            [
              81.30330539974644,
              21.250080186154417
            ]
          ],
          [
            [
              81.30725715824153,
              21.250163384799997
            ],
            [
              81.30716096568938,
              21.250253912902355
            ]
          ],
          [
            [
              81.28990895112742,
              21.250284455726685
            ],
            [
              81.2899087743739,
              21.250194103069315
            ]
          ],
          [
            [
              81.29058361148756,
              21.25028329447579
            ],
            [
              81.29048705433281,
              21.25019310788129
            ]
          ],
          [
            [
              81.29559537272229,
              21.250274583539877
            ],
            [
              81.29559555294357,
              21.25036493615033
            ]
          ],
          [
            [
              81.30330576958762,
              21.25026089125078
            ],
            [
              81.30330558466655,
              21.25017053870308
            ]
          ],
          [
            [
              81.30716096568938,
              21.250253912902355
            ],
            [
              81.30706477301968,
              21.250344440950286
            ]
          ],
          [
            [
              81.28990912788187,
              21.250374808383082
            ],
            [
              81.28990895112742,
              21.250284455726685
            ]
          ],
          [
            [
              81.2906801687598,
              21.250373481012687
            ],
            [
              81.29058361148756,
              21.25028329447579
            ]
          ],
          [
            [
              81.29559555294357,
              21.25036493615033
            ],
            [
              81.29559573316583,
              21.250455288759813
            ]
          ],
          [
            [
              81.3033059545097,
              21.250351243797507
            ],
            [
              81.30330576958762,
              21.25026089125078
            ]
          ],
          [
            [
              81.30706477301968,
              21.250344440950286
            ],
            [
              81.30696858023248,
              21.250434968943797
            ]
          ],
          [
            [
              81.28990930463728,
              21.250465161038512
            ],
            [
              81.28990912788187,
              21.250374808383082
            ]
          ],
          [
            [
              81.29077672614959,
              21.250463667491978
            ],
            [
              81.2906801687598,
              21.250373481012687
            ]
          ],
          [
            [
              81.29559573316583,
              21.250455288759813
            ],
            [
              81.29559591338902,
              21.250545641368326
            ]
          ],
          [
            [
              81.30330613943273,
              21.250441596343265
            ],
            [
              81.3033059545097,
              21.250351243797507
            ]
          ],
          [
            [
              81.30696858023248,
              21.250434968943797
            ],
            [
              81.30687238732776,
              21.25052549688289
            ]
          ],
          [
            [
              81.2899094813936,
              21.250555513692976
            ],
            [
              81.28990930463728,
              21.250465161038512
            ]
          ],
          [
            [
              81.29087328365688,
              21.25055385391367
            ],
            [
              81.29077672614959,
              21.250463667491978
            ]
          ],
          [
            [
              81.29096966387806,
              21.25055368763276
            ],
            [
              81.29087328365688,
              21.25055385391367
            ]
          ],
          [
            [
              81.29559591338902,
              21.250545641368326
            ],
            [
              81.29559609361316,
              21.250635993975866
            ]
          ],
          [
            [
              81.30330632435674,
              21.250531948888057
            ],
            [
              81.30330613943273,
              21.250441596343265
            ]
          ],
          [
            [
              81.30687238732776,
              21.25052549688289
            ],
            [
              81.30677619430553,
              21.25061602476756
            ]
          ],
          [
            [
              81.28990965815086,
              21.250645866346467
            ],
            [
              81.2899094813936,
              21.250555513692976
            ]
          ],
          [
            [
              81.29106622156071,
              21.250643873940994
            ],
            [
              81.29096966387806,
              21.25055368763276
            ]
          ],
          [
            [
              81.29559609361316,
              21.250635993975866
            ],
            [
              81.2954998935448,
              21.250726515509044
            ]
          ],
          [
            [
              81.30330650928174,
              21.250622301431875
            ],
            [
              81.30330632435674,
              21.250531948888057
            ]
          ],
          [
            [
              81.30648705393551,
              21.250616550549665
            ],
            [
              81.3063908606165,
              21.2507070782171
            ]
          ],
          [
            [
              81.30658343405983,
              21.250616375344045
            ],
            [
              81.30648705393551,
              21.250616550549665
            ]
          ],
          [
            [
              81.30667981418317,
              21.25061620008335
            ],
            [
              81.30658343405983,
              21.250616375344045
            ]
          ],
          [
            [
              81.30677619430553,
              21.25061602476756
            ],
            [
              81.30667981418317,
              21.25061620008335
            ]
          ],
          [
            [
              81.30687257442689,
              21.25061584939668
            ],
            [
              81.30677619430553,
              21.25061602476756
            ]
          ],
          [
            [
              81.28990983490905,
              21.250736218998988
            ],
            [
              81.28990965815086,
              21.250645866346467
            ]
          ],
          [
            [
              81.29116277936086,
              21.25073406019162
            ],
            [
              81.29106622156071,
              21.250643873940994
            ]
          ],
          [
            [
              81.29135554003173,
              21.250733727241112
            ],
            [
              81.29135571767229,
              21.250824079881067
            ]
          ],
          [
            [
              81.29145192036576,
              21.250733560683226
            ],
            [
              81.29135554003173,
              21.250733727241112
            ]
          ],
          [
            [
              81.29154830069886,
              21.250733394070256
            ],
            [
              81.29145192036576,
              21.250733560683226
            ]
          ],
          [
            [
              81.29164468103102,
              21.250733227402197
            ],
            [
              81.29154830069886,
              21.250733394070256
            ]
          ],
          [
            [
              81.29174106136222,
              21.250733060679057
            ],
            [
              81.29164468103102,
              21.250733227402197
            ]
          ],
          [
            [
              81.29183744169251,
              21.250732893900825
            ],
            [
              81.29174106136222,
              21.250733060679057
            ]
          ],
          [
            [
              81.29193382202185,
              21.25073272706751
            ],
            [
              81.29183744169251,
              21.250732893900825
            ]
          ],
          [
            [
              81.29203020235025,
              21.25073256017911
            ],
            [
              81.29193382202185,
              21.25073272706751
            ]
          ],
          [
            [
              81.29212658267771,
              21.25073239323562
            ],
            [
              81.29203020235025,
              21.25073256017911
            ]
          ],
          [
            [
              81.2954998935448,
              21.250726515509044
            ],
            [
              81.29540369335894,
              21.250817036987744
            ]
          ],
          [
            [
              81.30321031399129,
              21.25071282730823
            ],
            [
              81.30330650928174,
              21.250622301431875
            ]
          ],
          [
            [
              81.3033066942077,
              21.250712653974727
            ],
            [
              81.30330650928174,
              21.250622301431875
            ]
          ],
          [
            [
              81.3063908606165,
              21.2507070782171
            ],
            [
              81.30629466717998,
              21.25079760583011
            ]
          ],
          [
            [
              81.30696914170615,
              21.250706026482728
            ],
            [
              81.30687257442689,
              21.25061584939668
            ]
          ],
          [
            [
              81.28991001166818,
              21.250826571650542
            ],
            [
              81.28990983490905,
              21.250736218998988
            ]
          ],
          [
            [
              81.29125933727856,
              21.25082424638464
            ],
            [
              81.29116277936086,
              21.25073406019162
            ]
          ],
          [
            [
              81.29135571767229,
              21.250824079881067
            ],
            [
              81.29125933727856,
              21.25082424638464
            ]
          ],
          [
            [
              81.29222314117362,
              21.250822578870014
            ],
            [
              81.29212658267771,
              21.25073239323562
            ]
          ],
          [
            [
              81.29540369335894,
              21.250817036987744
            ],
            [
              81.29530749305553,
              21.25090755841195
            ]
          ],
          [
            [
              81.30292135802806,
              21.250803699523335
            ],
            [
              81.30301773830617,
              21.250803526354282
            ]
          ],
          [
            [
              81.30301773830617,
              21.250803526354282
            ],
            [
              81.3031141185833,
              21.25080335313015
            ]
          ],
          [
            [
              81.3031141185833,
              21.25080335313015
            ],
            [
              81.30321031399129,
              21.25071282730823
            ]
          ],
          [
            [
              81.30340325940885,
              21.250802833127214
            ],
            [
              81.3033066942077,
              21.250712653974727
            ]
          ],
          [
            [
              81.30629466717998,
              21.25079760583011
            ],
            [
              81.30619847362594,
              21.250888133388695
            ]
          ],
          [
            [
              81.30706570910291,
              21.250796203511086
            ],
            [
              81.30696914170615,
              21.250706026482728
            ]
          ],
          [
            [
              81.28991018842822,
              21.25091692430112
            ],
            [
              81.28991001166818,
              21.250826571650542
            ]
          ],
          [
            [
              81.29222331934396,
              21.250912931502018
            ],
            [
              81.29222314117362,
              21.250822578870014
            ]
          ],
          [
            [
              81.29530749305553,
              21.25090755841195
            ],
            [
              81.2952112926346,
              21.250998079781674
            ]
          ],
          [
            [
              81.30195773929873,
              21.250895780736272
            ],
            [
              81.30205411964532,
              21.25089560811728
            ]
          ],
          [
            [
              81.30205411964532,
              21.25089560811728
            ],
            [
              81.30215049999094,
              21.25089543544321
            ]
          ],
          [
            [
              81.30215049999094,
              21.25089543544321
            ],
            [
              81.3022468803356,
              21.250895262714046
            ]
          ],
          [
            [
              81.3022468803356,
              21.250895262714046
            ],
            [
              81.30234326067928,
              21.25089508992979
            ]
          ],
          [
            [
              81.30234326067928,
              21.25089508992979
            ],
            [
              81.30243964102199,
              21.25089491709046
            ]
          ],
          [
            [
              81.30243964102199,
              21.25089491709046
            ],
            [
              81.30253602136372,
              21.25089474419603
            ]
          ],
          [
            [
              81.30253602136372,
              21.25089474419603
            ],
            [
              81.30263240170449,
              21.250894571246523
            ]
          ],
          [
            [
              81.30263240170449,
              21.250894571246523
            ],
            [
              81.30272878204427,
              21.250894398241925
            ]
          ],
          [
            [
              81.30272878204427,
              21.250894398241925
            ],
            [
              81.30282516238309,
              21.250894225182243
            ]
          ],
          [
            [
              81.30282516238309,
              21.250894225182243
            ],
            [
              81.30292135802806,
              21.250803699523335
            ]
          ],
          [
            [
              81.30340344439553,
              21.25089318566732
            ],
            [
              81.30340325940885,
              21.250802833127214
            ]
          ],
          [
            [
              81.30619847362594,
              21.250888133388695
            ],
            [
              81.30610227995437,
              21.250978660892844
            ]
          ],
          [
            [
              81.30706589632253,
              21.25088655602034
            ],
            [
              81.30706570910291,
              21.250796203511086
            ]
          ],
          [
            [
              81.28991036518923,
              21.25100727695074
            ],
            [
              81.28991018842822,
              21.25091692430112
            ]
          ],
          [
            [
              81.29231987801711,
              21.251003117077055
            ],
            [
              81.29222331934396,
              21.250912931502018
            ]
          ],
          [
            [
              81.2952112926346,
              21.250998079781674
            ],
            [
              81.29511509209615,
              21.251088601096914
            ]
          ],
          [
            [
              81.29877736948526,
              21.25099179883684
            ],
            [
              81.29868117115635,
              21.25108232216108
            ]
          ],
          [
            [
              81.29887374992249,
              21.250991628034917
            ],
            [
              81.29877736948526,
              21.25099179883684
            ]
          ],
          [
            [
              81.29897013035877,
              21.250991457177907
            ],
            [
              81.29887374992249,
              21.250991628034917
            ]
          ],
          [
            [
              81.29906651079408,
              21.250991286265812
            ],
            [
              81.29897013035877,
              21.250991457177907
            ]
          ],
          [
            [
              81.29916289122843,
              21.250991115298632
            ],
            [
              81.29906651079408,
              21.250991286265812
            ]
          ],
          [
            [
              81.29925927166182,
              21.250990944276364
            ],
            [
              81.29916289122843,
              21.250991115298632
            ]
          ],
          [
            [
              81.29935565209425,
              21.250990773199007
            ],
            [
              81.29925927166182,
              21.250990944276364
            ]
          ],
          [
            [
              81.30340362938317,
              21.25098353820646
            ],
            [
              81.30340344439553,
              21.25089318566732
            ]
          ],
          [
            [
              81.30610227995437,
              21.250978660892844
            ],
            [
              81.30600608616527,
              21.25106918834258
            ]
          ],
          [
            [
              81.30706608354312,
              21.250976908528624
            ],
            [
              81.30706589632253,
              21.25088655602034
            ]
          ],
          [
            [
              81.28991054195113,
              21.251097629599386
            ],
            [
              81.28991036518923,
              21.25100727695074
            ]
          ],
          [
            [
              81.29241643680777,
              21.251093302594487
            ],
            [
              81.29231987801711,
              21.251003117077055
            ]
          ],
          [
            [
              81.29251281736653,
              21.25109313542753
            ],
            [
              81.29241643680777,
              21.251093302594487
            ]
          ],
          [
            [
              81.29260919792434,
              21.2510929682055
            ],
            [
              81.29251281736653,
              21.25109313542753
            ]
          ],
          [
            [
              81.2927055784812,
              21.251092800928372
            ],
            [
              81.29260919792434,
              21.2510929682055
            ]
          ],
          [
            [
              81.29280195903712,
              21.25109263359617
            ],
            [
              81.2927055784812,
              21.251092800928372
            ]
          ],
          [
            [
              81.29289833959211,
              21.251092466208874
            ],
            [
              81.29280195903712,
              21.25109263359617
            ]
          ],
          [
            [
              81.29511509209615,
              21.251088601096914
            ],
            [
              81.2950188914402,
              21.251179122357666
            ]
          ],
          [
            [
              81.29858479065842,
              21.251082492853623
            ],
            [
              81.29848859215225,
              21.251173016069103
            ]
          ],
          [
            [
              81.29868117115635,
              21.25108232216108
            ],
            [
              81.29858479065842,
              21.251082492853623
            ]
          ],
          [
            [
              81.29945221510512,
              21.25108095463761
            ],
            [
              81.29935565209425,
              21.250990773199007
            ]
          ],
          [
            [
              81.30350019482132,
              21.25107371729772
            ],
            [
              81.30340362938317,
              21.25098353820646
            ]
          ],
          [
            [
              81.30600608616527,
              21.25106918834258
            ],
            [
              81.30590989225867,
              21.25115971573788
            ]
          ],
          [
            [
              81.3070662707647,
              21.251067261035935
            ],
            [
              81.30706608354312,
              21.250976908528624
            ]
          ],
          [
            [
              81.289910718714,
              21.25118798224706
            ],
            [
              81.28991054195113,
              21.251097629599386
            ]
          ],
          [
            [
              81.29299489878942,
              21.25118265138936
            ],
            [
              81.29289833959211,
              21.251092466208874
            ]
          ],
          [
            [
              81.2950188914402,
              21.251179122357666
            ],
            [
              81.2949226906667,
              21.25126964356393
            ]
          ],
          [
            [
              81.29848859215225,
              21.251173016069103
            ],
            [
              81.29839239352857,
              21.25126353923011
            ]
          ],
          [
            [
              81.29954877823349,
              21.25117113601856
            ],
            [
              81.29945221510512,
              21.25108095463761
            ]
          ],
          [
            [
              81.30359676037699,
              21.25116389633131
            ],
            [
              81.30350019482132,
              21.25107371729772
            ]
          ],
          [
            [
              81.30590989225867,
              21.25115971573788
            ],
            [
              81.30581369823453,
              21.251250243078754
            ]
          ],
          [
            [
              81.30716283845825,
              21.251157438001247
            ],
            [
              81.3070662707647,
              21.251067261035935
            ]
          ],
          [
            [
              81.28991089547777,
              21.251278334893776
            ],
            [
              81.289910718714,
              21.25118798224706
            ]
          ],
          [
            [
              81.29309145810424,
              21.25127283651223
            ],
            [
              81.29299489878942,
              21.25118265138936
            ]
          ],
          [
            [
              81.2949226906667,
              21.25126964356393
            ],
            [
              81.29482648977567,
              21.25136016471571
            ]
          ],
          [
            [
              81.29839239352857,
              21.25126353923011
            ],
            [
              81.29829619478735,
              21.251354062336656
            ]
          ],
          [
            [
              81.29954896087357,
              21.251261488586866
            ],
            [
              81.29954877823349,
              21.25117113601856
            ]
          ],
          [
            [
              81.3035969454851,
              21.25125424886593
            ],
            [
              81.30359676037699,
              21.25116389633131
            ]
          ],
          [
            [
              81.30581369823453,
              21.251250243078754
            ],
            [
              81.30571750409285,
              21.251340770365196
            ]
          ],
          [
            [
              81.30725940626932,
              21.251247614908866
            ],
            [
              81.30716283845825,
              21.251157438001247
            ]
          ],
          [
            [
              81.28991107224249,
              21.251368687539514
            ],
            [
              81.28991089547777,
              21.251278334893776
            ]
          ],
          [
            [
              81.2931880175366,
              21.25136302157748
            ],
            [
              81.29309145810424,
              21.25127283651223
            ]
          ],
          [
            [
              81.29482648977567,
              21.25136016471571
            ],
            [
              81.29482666953827,
              21.25145051732082
            ]
          ],
          [
            [
              81.29829619478735,
              21.251354062336656
            ],
            [
              81.29819999592863,
              21.251444585388732
            ]
          ],
          [
            [
              81.2995491435146,
              21.251351841154207
            ],
            [
              81.29954896087357,
              21.251261488586866
            ]
          ],
          [
            [
              81.30359713059418,
              21.251344601399577
            ],
            [
              81.3035969454851,
              21.25125424886593
            ]
          ],
          [
            [
              81.30571750409285,
              21.251340770365196
            ],
            [
              81.30562130983367,
              21.25143129759721
            ]
          ],
          [
            [
              81.30735597419792,
              21.251337791758797
            ],
            [
              81.30725940626932,
              21.251247614908866
            ]
          ],
          [
            [
              81.28991124900814,
              21.25145904018428
            ],
            [
              81.28991107224249,
              21.251368687539514
            ]
          ],
          [
            [
              81.29328457708645,
              21.25145320658512
            ],
            [
              81.2931880175366,
              21.25136302157748
            ]
          ],
          [
            [
              81.29482666953827,
              21.25145051732082
            ],
            [
              81.2948268493018,
              21.251540869924956
            ]
          ],
          [
            [
              81.29819999592863,
              21.251444585388732
            ],
            [
              81.29810379695236,
              21.251535108386328
            ]
          ],
          [
            [
              81.2995493261566,
              21.25144219372057
            ],
            [
              81.2995491435146,
              21.251351841154207
            ]
          ],
          [
            [
              81.30359731570424,
              21.251434953932254
            ],
            [
              81.30359713059418,
              21.251344601399577
            ]
          ],
          [
            [
              81.30552492917063,
              21.251431472259284
            ],
            [
              81.30542873473416,
              21.251521999382586
            ]
          ],
          [
            [
              81.30562130983367,
              21.25143129759721
            ],
            [
              81.30552492917063,
              21.251431472259284
            ]
          ],
          [
            [
              81.30745254224404,
              21.25142796855103
            ],
            [
              81.30735597419792,
              21.251337791758797
            ]
          ],
          [
            [
              81.28991142577472,
              21.251549392828085
            ],
            [
              81.28991124900814,
              21.25145904018428
            ]
          ],
          [
            [
              81.29338113675387,
              21.251543391535133
            ],
            [
              81.29328457708645,
              21.25145320658512
            ]
          ],
          [
            [
              81.2948268493018,
              21.251540869924956
            ],
            [
              81.29482702906628,
              21.251631222528125
            ]
          ],
          [
            [
              81.29550151508457,
              21.251539688931704
            ],
            [
              81.29540531437837,
              21.251630210408752
            ]
          ],
          [
            [
              81.29559789590688,
              21.251539519998026
            ],
            [
              81.29550151508457,
              21.251539688931704
            ]
          ],
          [
            [
              81.29569427672823,
              21.251539351009264
            ],
            [
              81.29559789590688,
              21.251539519998026
            ]
          ],
          [
            [
              81.29579065754864,
              21.251539181965413
            ],
            [
              81.29569427672823,
              21.251539351009264
            ]
          ],
          [
            [
              81.2958870383681,
              21.25153901286647
            ],
            [
              81.29579065754864,
              21.251539181965413
            ]
          ],
          [
            [
              81.2959834191866,
              21.251538843712435
            ],
            [
              81.2958870383681,
              21.25153901286647
            ]
          ],
          [
            [
              81.29607980000415,
              21.25153867450332
            ],
            [
              81.2959834191866,
              21.251538843712435
            ]
          ],
          [
            [
              81.29617618082075,
              21.251538505239115
            ],
            [
              81.29607980000415,
              21.25153867450332
            ]
          ],
          [
            [
              81.2962725616364,
              21.251538335919815
            ],
            [
              81.29617618082075,
              21.251538505239115
            ]
          ],
          [
            [
              81.29636894245111,
              21.251538166545426
            ],
            [
              81.2962725616364,
              21.251538335919815
            ]
          ],
          [
            [
              81.29646532326484,
              21.251537997115953
            ],
            [
              81.29636894245111,
              21.251538166545426
            ]
          ],
          [
            [
              81.29656170407763,
              21.25153782763139
            ],
            [
              81.29646532326484,
              21.251537997115953
            ]
          ],
          [
            [
              81.29665808488947,
              21.251537658091742
            ],
            [
              81.29656170407763,
              21.25153782763139
            ]
          ],
          [
            [
              81.29675446570035,
              21.251537488497
            ],
            [
              81.29665808488947,
              21.251537658091742
            ]
          ],
          [
            [
              81.29685084651028,
              21.251537318847173
            ],
            [
              81.29675446570035,
              21.251537488497
            ]
          ],
          [
            [
              81.29694722731925,
              21.25153714914226
            ],
            [
              81.29685084651028,
              21.251537318847173
            ]
          ],
          [
            [
              81.29704360812728,
              21.25153697938225
            ],
            [
              81.29694722731925,
              21.25153714914226
            ]
          ],
          [
            [
              81.29713998893433,
              21.251536809567153
            ],
            [
              81.29704360812728,
              21.25153697938225
            ]
          ],
          [
            [
              81.29723636974045,
              21.25153663969697
            ],
            [
              81.29713998893433,
              21.251536809567153
            ]
          ],
          [
            [
              81.29733275054559,
              21.251536469771697
            ],
            [
              81.29723636974045,
              21.25153663969697
            ]
          ],
          [
            [
              81.29742913134979,
              21.251536299791336
            ],
            [
              81.29733275054559,
              21.251536469771697
            ]
          ],
          [
            [
              81.29752551215303,
              21.25153612975589
            ],
            [
              81.29742913134979,
              21.251536299791336
            ]
          ],
          [
            [
              81.2976218929553,
              21.25153595966535
            ],
            [
              81.29752551215303,
              21.25153612975589
            ]
          ],
          [
            [
              81.29771827375664,
              21.25153578951972
            ],
            [
              81.2976218929553,
              21.25153595966535
            ]
          ],
          [
            [
              81.29781465455702,
              21.25153561931901
            ],
            [
              81.29771827375664,
              21.25153578951972
            ]
          ],
          [
            [
              81.2979110353564,
              21.251535449063205
            ],
            [
              81.29781465455702,
              21.25153561931901
            ]
          ],
          [
            [
              81.29800741615487,
              21.25153527875231
            ],
            [
              81.2979110353564,
              21.251535449063205
            ]
          ],
          [
            [
              81.29810379695236,
              21.251535108386328
            ],
            [
              81.29800741615487,
              21.25153527875231
            ]
          ],
          [
            [
              81.29964588958167,
              21.25153237503858
            ],
            [
              81.2995493261566,
              21.25144219372057
            ]
          ],
          [
            [
              81.30359750081527,
              21.25152530646396
            ],
            [
              81.30359731570424,
              21.251434953932254
            ]
          ],
          [
            [
              81.30542873473416,
              21.251521999382586
            ],
            [
              81.30533254018017,
              21.25161252645146
            ]
          ],
          [
            [
              81.3074527297056,
              21.25151832105023
            ],
            [
              81.30745254224404,
              21.25142796855103
            ]
          ],
          [
            [
              81.31217538293834,
              21.25150964379815
            ],
            [
              81.31227195399232,
              21.251599817791185
            ]
          ],
          [
            [
              81.28991160254223,
              21.251639745470918
            ],
            [
              81.28991142577472,
              21.251549392828085
            ]
          ],
          [
            [
              81.2934776965388,
              21.251633576427533
            ],
            [
              81.29338113675387,
              21.251543391535133
            ]
          ],
          [
            [
              81.29482702906628,
              21.251631222528125
            ],
            [
              81.29482720883172,
              21.251721575130322
            ]
          ],
          [
            [
              81.29530893349539,
              21.251630379233035
            ],
            [
              81.29521273261196,
              21.251720900601292
            ]
          ],
          [
            [
              81.29540531437837,
              21.251630210408752
            ],
            [
              81.29530893349539,
              21.251630379233035
            ]
          ],
          [
            [
              81.29964607228436,
              21.251622727602214
            ],
            [
              81.29964588958167,
              21.25153237503858
            ]
          ],
          [
            [
              81.30359768592729,
              21.251615658994705
            ],
            [
              81.30359750081527,
              21.25152530646396
            ]
          ],
          [
            [
              81.30494701704029,
              21.251613224114664
            ],
            [
              81.30494720297598,
              21.2517035766331
            ]
          ],
          [
            [
              81.30504339782674,
              21.251613049781493
            ],
            [
              81.30494701704029,
              21.251613224114664
            ]
          ],
          [
            [
              81.3051397786122,
              21.251612875393235
            ],
            [
              81.30504339782674,
              21.251613049781493
            ]
          ],
          [
            [
              81.30523615939667,
              21.25161270094989
            ],
            [
              81.3051397786122,
              21.251612875393235
            ]
          ],
          [
            [
              81.30533254018017,
              21.25161252645146
            ],
            [
              81.30523615939667,
              21.25161270094989
            ]
          ],
          [
            [
              81.30745291716816,
              21.251608673548464
            ],
            [
              81.3074527297056,
              21.25151832105023
            ]
          ],
          [
            [
              81.31227195399232,
              21.251599817791185
            ],
            [
              81.31236852516385,
              21.2516899917265
            ]
          ],
          [
            [
              81.28991177931067,
              21.251730098112784
            ],
            [
              81.28991160254223,
              21.251639745470918
            ]
          ],
          [
            [
              81.29357425644127,
              21.251723761262312
            ],
            [
              81.2934776965388,
              21.251633576427533
            ]
          ],
          [
            [
              81.29482720883172,
              21.251721575130322
            ],
            [
              81.2947310075919,
              21.251812096226875
            ]
          ],
          [
            [
              81.29492358977821,
              21.2517214065807
            ],
            [
              81.29482720883172,
              21.251721575130322
            ]
          ],
          [
            [
              81.29501997072374,
              21.25172123797599
            ],
            [
              81.29492358977821,
              21.2517214065807
            ]
          ],
          [
            [
              81.29511635166833,
              21.25172106931618
            ],
            [
              81.29501997072374,
              21.25172123797599
            ]
          ],
          [
            [
              81.29521273261196,
              21.251720900601292
            ],
            [
              81.29511635166833,
              21.25172106931618
            ]
          ],
          [
            [
              81.29964625498802,
              21.251713080164883
            ],
            [
              81.29964607228436,
              21.251622727602214
            ]
          ],
          [
            [
              81.3035014901804,
              21.25170618503212
            ],
            [
              81.30359768592729,
              21.251615658994705
            ]
          ],
          [
            [
              81.30494720297598,
              21.2517035766331
            ],
            [
              81.30494738891265,
              21.25179392915057
            ]
          ],
          [
            [
              81.30745310463172,
              21.251699026045728
            ],
            [
              81.30745291716816,
              21.251608673548464
            ]
          ],
          [
            [
              81.31236852516385,
              21.2516899917265
            ],
            [
              81.31246490593261,
              21.25168981315068
            ]
          ],
          [
            [
              81.31246490593261,
              21.25168981315068
            ],
            [
              81.31256128670037,
              21.251689634519767
            ]
          ],
          [
            [
              81.31256128670037,
              21.251689634519767
            ],
            [
              81.31265766746712,
              21.251689455833763
            ]
          ],
          [
            [
              81.31265766746712,
              21.251689455833763
            ],
            [
              81.31275404823286,
              21.251689277092673
            ]
          ],
          [
            [
              81.31275404823286,
              21.251689277092673
            ],
            [
              81.3128504289976,
              21.25168909829649
            ]
          ],
          [
            [
              81.28991195608005,
              21.251820450753677
            ],
            [
              81.28991177931067,
              21.251730098112784
            ]
          ],
          [
            [
              81.29367081646124,
              21.251813946039473
            ],
            [
              81.29357425644127,
              21.251723761262312
            ]
          ],
          [
            [
              81.2947310075919,
              21.251812096226875
            ],
            [
              81.29473118730047,
              21.25190244882792
            ]
          ],
          [
            [
              81.29964643769263,
              21.251803432726575
            ],
            [
              81.29964625498802,
              21.251713080164883
            ]
          ],
          [
            [
              81.30350167523558,
              21.251796537561727
            ],
            [
              81.3035014901804,
              21.25170618503212
            ]
          ],
          [
            [
              81.30494738891265,
              21.25179392915057
            ],
            [
              81.30485119388658,
              21.25188445594759
            ]
          ],
          [
            [
              81.30745329209627,
              21.251789378542014
            ],
            [
              81.30745310463172,
              21.251699026045728
            ]
          ],
          [
            [
              81.28991213285038,
              21.251910803393606
            ],
            [
              81.28991195608005,
              21.251820450753677
            ]
          ],
          [
            [
              81.29376737659877,
              21.251904130759012
            ],
            [
              81.29367081646124,
              21.251813946039473
            ]
          ],
          [
            [
              81.29473118730047,
              21.25190244882792
            ],
            [
              81.29463498588531,
              21.251992969869796
            ]
          ],
          [
            [
              81.2996466203982,
              21.251893785287304
            ],
            [
              81.29964643769263,
              21.251803432726575
            ]
          ],
          [
            [
              81.30350186029176,
              21.251886890090365
            ],
            [
              81.30350167523558,
              21.251796537561727
            ]
          ],
          [
            [
              81.30485119388658,
              21.25188445594759
            ],
            [
              81.30485137976643,
              21.251974808463935
            ]
          ],
          [
            [
              81.3074534795618,
              21.25187973103734
            ],
            [
              81.30745329209627,
              21.251789378542014
            ]
          ],
          [
            [
              81.28991230962161,
              21.252001156032563
            ],
            [
              81.28991213285038,
              21.251910803393606
            ]
          ],
          [
            [
              81.29386393685384,
              21.251994315420934
            ],
            [
              81.29376737659877,
              21.251904130759012
            ]
          ],
          [
            [
              81.29396031798608,
              21.251994147419854
            ],
            [
              81.29386393685384,
              21.251994315420934
            ]
          ],
          [
            [
              81.29405669911738,
              21.251993979363686
            ],
            [
              81.29396031798608,
              21.251994147419854
            ]
          ],
          [
            [
              81.29415308024772,
              21.25199381125243
            ],
            [
              81.29405669911738,
              21.251993979363686
            ]
          ],
          [
            [
              81.29424946137713,
              21.251993643086085
            ],
            [
              81.29415308024772,
              21.25199381125243
            ]
          ],
          [
            [
              81.2943458425056,
              21.251993474864644
            ],
            [
              81.29424946137713,
              21.251993643086085
            ]
          ],
          [
            [
              81.29444222363313,
              21.251993306588115
            ],
            [
              81.2943458425056,
              21.251993474864644
            ]
          ],
          [
            [
              81.29453860475968,
              21.251993138256502
            ],
            [
              81.29444222363313,
              21.251993306588115
            ]
          ],
          [
            [
              81.29463498588531,
              21.251992969869796
            ],
            [
              81.29453860475968,
              21.251993138256502
            ]
          ],
          [
            [
              81.29964680310476,
              21.251984137847064
            ],
            [
              81.2996466203982,
              21.251893785287304
            ]
          ],
          [
            [
              81.3035020453489,
              21.251977242618032
            ],
            [
              81.30350186029176,
              21.251886890090365
            ]
          ],
          [
            [
              81.30485137976643,
              21.251974808463935
            ],
            [
              81.30475518456507,
              21.252065335206353
            ]
          ],
          [
            [
              81.3074536670283,
              21.2519700835317
            ],
            [
              81.3074534795618,
              21.25187973103734
            ]
          ],
          [
            [
              81.28991248639379,
              21.25209150867055
            ],
            [
              81.28991230962161,
              21.252001156032563
            ]
          ],
          [
            [
              81.29424964079377,
              21.252083995689112
            ],
            [
              81.29415308024772,
              21.25199381125243
            ]
          ],
          [
            [
              81.29964698581226,
              21.252074490405864
            ],
            [
              81.29964680310476,
              21.251984137847064
            ]
          ],
          [
            [
              81.30350223040703,
              21.252067595144748
            ],
            [
              81.3035020453489,
              21.251977242618032
            ]
          ],
          [
            [
              81.30427327913922,
              21.252066205515227
            ],
            [
              81.3041770835216,
              21.252156731931798
            ]
          ],
          [
            [
              81.30436966022636,
              21.25206603156363
            ],
            [
              81.30427327913922,
              21.252066205515227
            ]
          ],
          [
            [
              81.3044660413125,
              21.25206585755695
            ],
            [
              81.30436966022636,
              21.25206603156363
            ]
          ],
          [
            [
              81.30456242239767,
              21.25206568349517
            ],
            [
              81.3044660413125,
              21.25206585755695
            ]
          ],
          [
            [
              81.30465880348186,
              21.252065509378305
            ],
            [
              81.30456242239767,
              21.25206568349517
            ]
          ],
          [
            [
              81.30475518456507,
              21.252065335206353
            ],
            [
              81.30465880348186,
              21.252065509378305
            ]
          ],
          [
            [
              81.3074538544958,
              21.252060436025086
            ],
            [
              81.3074536670283,
              21.2519700835317
            ]
          ],
          [
            [
              81.2899126631669,
              21.25218186130757
            ],
            [
              81.28991248639379,
              21.25209150867055
            ]
          ],
          [
            [
              81.29424982021135,
              21.252174348291163
            ],
            [
              81.29424964079377,
              21.252083995689112
            ]
          ],
          [
            [
              81.29964716852074,
              21.25216484296368
            ],
            [
              81.29964698581226,
              21.252074490405864
            ]
          ],
          [
            [
              81.30350241546614,
              21.252157947670476
            ],
            [
              81.30350223040703,
              21.252067595144748
            ]
          ],
          [
            [
              81.30359879661985,
              21.252157774158785
            ],
            [
              81.30350223040703,
              21.252067595144748
            ]
          ],
          [
            [
              81.30369517777257,
              21.252157600592017
            ],
            [
              81.30359879661985,
              21.252157774158785
            ]
          ],
          [
            [
              81.30379155892435,
              21.252157426970154
            ],
            [
              81.30369517777257,
              21.252157600592017
            ]
          ],
          [
            [
              81.30388794007511,
              21.252157253293202
            ],
            [
              81.30379155892435,
              21.252157426970154
            ]
          ],
          [
            [
              81.30398432122492,
              21.252157079561158
            ],
            [
              81.30388794007511,
              21.252157253293202
            ]
          ],
          [
            [
              81.30408070237374,
              21.25215690577403
            ],
            [
              81.30398432122492,
              21.252157079561158
            ]
          ],
          [
            [
              81.3041770835216,
              21.252156731931798
            ],
            [
              81.30408070237374,
              21.25215690577403
            ]
          ],
          [
            [
              81.3074540419643,
              21.252150788517493
            ],
            [
              81.3074538544958,
              21.252060436025086
            ]
          ],
          [
            [
              81.28991283994094,
              21.252272213943616
            ],
            [
              81.2899126631669,
              21.25218186130757
            ]
          ],
          [
            [
              81.29434638093464,
              21.252264532668466
            ],
            [
              81.29424982021135,
              21.252174348291163
            ]
          ],
          [
            [
              81.29964735123016,
              21.25225519552053
            ],
            [
              81.29964716852074,
              21.25216484296368
            ]
          ],
          [
            [
              81.30350260052622,
              21.252248300195237
            ],
            [
              81.30350241546614,
              21.252157947670476
            ]
          ],
          [
            [
              81.30745422943379,
              21.252241141008945
            ],
            [
              81.3074540419643,
              21.252150788517493
            ]
          ],
          [
            [
              81.28991301671591,
              21.252362566578707
            ],
            [
              81.28991283994094,
              21.252272213943616
            ]
          ],
          [
            [
              81.29434656041289,
              21.252354885267806
            ],
            [
              81.29434638093464,
              21.252264532668466
            ]
          ],
          [
            [
              81.29964753394056,
              21.252345548076416
            ],
            [
              81.29964735123016,
              21.25225519552053
            ]
          ],
          [
            [
              81.30340640431506,
              21.25233882617724
            ],
            [
              81.30350260052622,
              21.252248300195237
            ]
          ],
          [
            [
              81.30755079813522,
              21.252331317727403
            ],
            [
              81.30745422943379,
              21.252241141008945
            ]
          ],
          [
            [
              81.2847085930286,
              21.252461787699076
            ],
            [
              81.28461238505784,
              21.252552303090457
            ]
          ],
          [
            [
              81.28991319349181,
              21.252452919212818
            ],
            [
              81.28991301671591,
              21.252362566578707
            ]
          ],
          [
            [
              81.29434673989206,
              21.25244523786617
            ],
            [
              81.29434656041289,
              21.252354885267806
            ]
          ],
          [
            [
              81.29974409802074,
              21.25243572932087
            ],
            [
              81.29964753394056,
              21.252345548076416
            ]
          ],
          [
            [
              81.30331020798636,
              21.25242935210479
            ],
            [
              81.30340640431506,
              21.25233882617724
            ]
          ],
          [
            [
              81.30764736695419,
              21.252421494388173
            ],
            [
              81.30755079813522,
              21.252331317727403
            ]
          ],
          [
            [
              81.28461238505784,
              21.252552303090457
            ],
            [
              81.28461255860338,
              21.25264265576466
            ]
          ],
          [
            [
              81.28991337026865,
              21.252543271845965
            ],
            [
              81.28991319349181,
              21.252452919212818
            ]
          ],
          [
            [
              81.2943469193722,
              21.25253559046357
            ],
            [
              81.29434673989206,
              21.25244523786617
            ]
          ],
          [
            [
              81.29974428079183,
              21.252526081874024
            ],
            [
              81.29974409802074,
              21.25243572932087
            ]
          ],
          [
            [
              81.30321401154012,
              21.2525198779779
            ],
            [
              81.30331020798636,
              21.25242935210479
            ]
          ],
          [
            [
              81.30755117319666,
              21.252512022703822
            ],
            [
              81.30764736695419,
              21.252421494388173
            ]
          ],
          [
            [
              81.28461255860338,
              21.25264265576466
            ],
            [
              81.28451635045724,
              21.252733171101283
            ]
          ],
          [
            [
              81.28991354704641,
              21.252633624478136
            ],
            [
              81.28991337026865,
              21.252543271845965
            ]
          ],
          [
            [
              81.29434709885328,
              21.252625943059993
            ],
            [
              81.2943469193722,
              21.25253559046357
            ]
          ],
          [
            [
              81.29974446356388,
              21.252616434426194
            ],
            [
              81.29974428079183,
              21.252526081874024
            ]
          ],
          [
            [
              81.3032141964278,
              21.252610230501208
            ],
            [
              81.30321401154012,
              21.2525198779779
            ]
          ],
          [
            [
              81.28451635045724,
              21.252733171101283
            ],
            [
              81.28451652394584,
              21.252823523774314
            ]
          ],
          [
            [
              81.28991372382512,
              21.252723977109337
            ],
            [
              81.28991354704641,
              21.252633624478136
            ]
          ],
          [
            [
              81.2997446463369,
              21.252706786977406
            ],
            [
              81.29974446356388,
              21.252616434426194
            ]
          ],
          [
            [
              81.30321438131647,
              21.252700583023547
            ],
            [
              81.3032141964278,
              21.252610230501208
            ]
          ],
          [
            [
              81.28451652394584,
              21.252823523774314
            ],
            [
              81.2844203156243,
              21.252914039056172
            ]
          ],
          [
            [
              81.28991390060474,
              21.252814329739582
            ],
            [
              81.28991372382512,
              21.252723977109337
            ]
          ],
          [
            [
              81.29974482911089,
              21.25279713952765
            ],
            [
              81.2997446463369,
              21.252706786977406
            ]
          ],
          [
            [
              81.3032145662061,
              21.252790935544922
            ],
            [
              81.30321438131647,
              21.252700583023547
            ]
          ],
          [
            [
              81.2844203156243,
              21.252914039056172
            ],
            [
              81.28432410718523,
              21.253004554283486
            ]
          ],
          [
            [
              81.28991407738532,
              21.252904682368843
            ],
            [
              81.28991390060474,
              21.252814329739582
            ]
          ],
          [
            [
              81.29974501188583,
              21.25288749207692
            ],
            [
              81.29974482911089,
              21.25279713952765
            ]
          ],
          [
            [
              81.30331113272348,
              21.252881114712455
            ],
            [
              81.3032145662061,
              21.252790935544922
            ]
          ],
          [
            [
              81.28432410718523,
              21.253004554283486
            ],
            [
              81.28422789862861,
              21.253095069456265
            ]
          ],
          [
            [
              81.28991425416682,
              21.252995034997145
            ],
            [
              81.28991407738532,
              21.252904682368843
            ]
          ],
          [
            [
              81.29974519466174,
              21.25297784462522
            ],
            [
              81.29974501188583,
              21.25288749207692
            ]
          ],
          [
            [
              81.30331131767382,
              21.252971467231077
            ],
            [
              81.30331113272348,
              21.252881114712455
            ]
          ],
          [
            [
              81.28422789862861,
              21.253095069456265
            ],
            [
              81.28413168995446,
              21.253185584574474
            ]
          ],
          [
            [
              81.28991443094925,
              21.253085387624473
            ],
            [
              81.28991425416682,
              21.252995034997145
            ]
          ],
          [
            [
              81.29984175921784,
              21.253068025801426
            ],
            [
              81.29974519466174,
              21.25297784462522
            ]
          ],
          [
            [
              81.30331150262515,
              21.25306181974874
            ],
            [
              81.30331131767382,
              21.252971467231077
            ]
          ],
          [
            [
              81.28413168995446,
              21.253185584574474
            ],
            [
              81.28413186321256,
              21.253275937245682
            ]
          ],
          [
            [
              81.28991460773261,
              21.253175740250835
            ],
            [
              81.28991443094925,
              21.253085387624473
            ]
          ],
          [
            [
              81.29984194205446,
              21.253158378346985
            ],
            [
              81.29984175921784,
              21.253068025801426
            ]
          ],
          [
            [
              81.30340806937956,
              21.25315199885505
            ],
            [
              81.30331150262515,
              21.25306181974874
            ]
          ],
          [
            [
              81.28413186321256,
              21.253275937245682
            ],
            [
              81.28403565436301,
              21.253366452309137
            ]
          ],
          [
            [
              81.28981840252249,
              21.253266258574318
            ],
            [
              81.28991460773261,
              21.253175740250835
            ]
          ],
          [
            [
              81.29993850678781,
              21.253248559463774
            ],
            [
              81.29984194205446,
              21.253158378346985
            ]
          ],
          [
            [
              81.3034082543916,
              21.253242351369966
            ],
            [
              81.30340806937956,
              21.25315199885505
            ]
          ],
          [
            [
              81.28403565436301,
              21.253366452309137
            ],
            [
              81.28403582756418,
              21.25345680497915
            ]
          ],
          [
            [
              81.28972219719482,
              21.25335677684328
            ],
            [
              81.28981840252249,
              21.253266258574318
            ]
          ],
          [
            [
              81.28981857924894,
              21.253356611199518
            ],
            [
              81.28972219719482,
              21.25335677684328
            ]
          ],
          [
            [
              81.30003507163873,
              21.253338740522885
            ],
            [
              81.29993850678781,
              21.253248559463774
            ]
          ],
          [
            [
              81.30340843940462,
              21.253332703883903
            ],
            [
              81.3034082543916,
              21.253242351369966
            ]
          ],
          [
            [
              81.28403582756418,
              21.25345680497915
            ],
            [
              81.28393961853922,
              21.253547319987845
            ]
          ],
          [
            [
              81.28962599174962,
              21.253447295057715
            ],
            [
              81.28972219719482,
              21.25335677684328
            ]
          ],
          [
            [
              81.2899151380883,
              21.253446798124106
            ],
            [
              81.28981857924894,
              21.253356611199518
            ]
          ],
          [
            [
              81.30013163660718,
              21.253428921524346
            ],
            [
              81.30003507163873,
              21.253338740522885
            ]
          ],
          [
            [
              81.30022801861762,
              21.253428749929647
            ],
            [
              81.30013163660718,
              21.253428921524346
            ]
          ],
          [
            [
              81.30340862441861,
              21.253423056396873
            ],
            [
              81.30340843940462,
              21.253332703883903
            ]
          ],
          [
            [
              81.28393961853922,
              21.253547319987845
            ],
            [
              81.28384340939674,
              21.25363783494198
            ]
          ],
          [
            [
              81.2896261683604,
              21.25353764768252
            ],
            [
              81.28962599174962,
              21.253447295057715
            ]
          ],
          [
            [
              81.29001169704519,
              21.253536984991097
            ],
            [
              81.2899151380883,
              21.253446798124106
            ]
          ],
          [
            [
              81.30032458376141,
              21.253518930817553
            ],
            [
              81.30022801861762,
              21.253428749929647
            ]
          ],
          [
            [
              81.28384340939674,
              21.25363783494198
            ],
            [
              81.2837472001367,
              21.253728349841555
            ]
          ],
          [
            [
              81.2895299627398,
              21.253628165842233
            ],
            [
              81.2896261683604,
              21.25353764768252
            ]
          ],
          [
            [
              81.29010825611962,
              21.253627171800478
            ],
            [
              81.29001169704519,
              21.253536984991097
            ]
          ],
          [
            [
              81.30042114902274,
              21.253609111647798
            ],
            [
              81.30032458376141,
              21.253518930817553
            ]
          ],
          [
            [
              81.2837472001367,
              21.253728349841555
            ],
            [
              81.28365099075913,
              21.253818864686586
            ]
          ],
          [
            [
              81.28943375700169,
              21.253718683947433
            ],
            [
              81.2895299627398,
              21.253628165842233
            ]
          ],
          [
            [
              81.2902048153116,
              21.253717358552258
            ],
            [
              81.29010825611962,
              21.253627171800478
            ]
          ],
          [
            [
              81.30051771440162,
              21.253699292420386
            ],
            [
              81.30042114902274,
              21.253609111647798
            ]
          ],
          [
            [
              81.28365099075913,
              21.253818864686586
            ],
            [
              81.28365116372977,
              21.25390921735478
            ]
          ],
          [
            [
              81.289337551146,
              21.253809201998106
            ],
            [
              81.28943375700169,
              21.253718683947433
            ]
          ],
          [
            [
              81.29030137462111,
              21.253807545246424
            ],
            [
              81.2902048153116,
              21.253717358552258
            ]
          ],
          [
            [
              81.2903977569635,
              21.253807379268228
            ],
            [
              81.29030137462111,
              21.253807545246424
            ]
          ],
          [
            [
              81.30051789765639,
              21.253789644953574
            ],
            [
              81.30051771440162,
              21.253699292420386
            ]
          ],
          [
            [
              81.28365116372977,
              21.25390921735478
            ],
            [
              81.2835549541768,
              21.253999732145044
            ]
          ],
          [
            [
              81.2892413451728,
              21.253899719994248
            ],
            [
              81.289337551146,
              21.253809201998106
            ]
          ],
          [
            [
              81.2904943164484,
              21.253897565848916
            ],
            [
              81.2903977569635,
              21.253807379268228
            ]
          ],
          [
            [
              81.30051808091211,
              21.253879997485797
            ],
            [
              81.30051789765639,
              21.253789644953574
            ]
          ],
          [
            [
              81.2835549541768,
              21.253999732145044
            ],
            [
              81.28345874450625,
              21.254090246880743
            ]
          ],
          [
            [
              81.28914513908204,
              21.253990237935874
            ],
            [
              81.2892413451728,
              21.253899719994248
            ]
          ],
          [
            [
              81.29059087605084,
              21.253987752371998
            ],
            [
              81.2904943164484,
              21.253897565848916
            ]
          ],
          [
            [
              81.3005182641688,
              21.25397035001706
            ],
            [
              81.30051808091211,
              21.253879997485797
            ]
          ],
          [
            [
              81.28345874450625,
              21.254090246880743
            ],
            [
              81.28336253471818,
              21.254180761561884
            ]
          ],
          [
            [
              81.28904893287373,
              21.254080755822965
            ],
            [
              81.28914513908204,
              21.253990237935874
            ]
          ],
          [
            [
              81.29068743577083,
              21.25407793883747
            ],
            [
              81.29059087605084,
              21.253987752371998
            ]
          ],
          [
            [
              81.30051844742646,
              21.254060702547346
            ],
            [
              81.3005182641688,
              21.25397035001706
            ]
          ],
          [
            [
              81.31237347748986,
              21.254039155222
            ],
            [
              81.3124698597866,
              21.254038976624567
            ]
          ],
          [
            [
              81.3124698597866,
              21.254038976624567
            ],
            [
              81.31256624208233,
              21.254038797972044
            ]
          ],
          [
            [
              81.31256624208233,
              21.254038797972044
            ],
            [
              81.31266262437705,
              21.254038619264417
            ]
          ],
          [
            [
              81.31266262437705,
              21.254038619264417
            ],
            [
              81.31275900667077,
              21.2540384405017
            ]
          ],
          [
            [
              81.31275900667077,
              21.2540384405017
            ],
            [
              81.31285519818299,
              21.253947909258027
            ]
          ],
          [
            [
              81.28268785618539,
              21.254181894119608
            ],
            [
              81.28259164586198,
              21.25427240836579
            ]
          ],
          [
            [
              81.28278423883566,
              21.254181732490938
            ],
            [
              81.28268785618539,
              21.254181894119608
            ]
          ],
          [
            [
              81.28288062148502,
              21.25418157080717
            ],
            [
              81.28278423883566,
              21.254181732490938
            ]
          ],
          [
            [
              81.28297700413347,
              21.254181409068305
            ],
            [
              81.28288062148502,
              21.25418157080717
            ]
          ],
          [
            [
              81.28336253471818,
              21.254180761561884
            ],
            [
              81.28326632481256,
              21.254271276188476
            ]
          ],
          [
            [
              81.28895272654788,
              21.25417127365553
            ],
            [
              81.28904893287373,
              21.254080755822965
            ]
          ],
          [
            [
              81.30051863068508,
              21.25415105507666
            ],
            [
              81.30051844742646,
              21.254060702547346
            ]
          ],
          [
            [
              81.31218090326347,
              21.254129864682287
            ],
            [
              81.312277285621,
              21.254129686194215
            ]
          ],
          [
            [
              81.312277285621,
              21.254129686194215
            ],
            [
              81.31237347748986,
              21.254039155222
            ]
          ],
          [
            [
              81.28259164586198,
              21.25427240836579
            ],
            [
              81.28249543542104,
              21.25436292255741
            ]
          ],
          [
            [
              81.28307355940267,
              21.254271599943195
            ],
            [
              81.28297700413347,
              21.254181409068305
            ]
          ],
          [
            [
              81.28316994210807,
              21.254271438093383
            ],
            [
              81.28307355940267,
              21.254271599943195
            ]
          ],
          [
            [
              81.28326632481256,
              21.254271276188476
            ],
            [
              81.28316994210807,
              21.254271438093383
            ]
          ],
          [
            [
              81.28885652010449,
              21.254261791433567
            ],
            [
              81.28895272654788,
              21.25417127365553
            ]
          ],
          [
            [
              81.30051881394468,
              21.25424140760501
            ],
            [
              81.30051863068508,
              21.25415105507666
            ]
          ],
          [
            [
              81.31179556395936,
              21.254220930516677
            ],
            [
              81.31189194637969,
              21.254220752248163
            ]
          ],
          [
            [
              81.31189194637969,
              21.254220752248163
            ],
            [
              81.31198832879898,
              21.25422057392455
            ]
          ],
          [
            [
              81.31198832879898,
              21.25422057392455
            ],
            [
              81.31208471121728,
              21.254220395545833
            ]
          ],
          [
            [
              81.31208471121728,
              21.254220395545833
            ],
            [
              81.31218090326347,
              21.254129864682287
            ]
          ],
          [
            [
              81.28249543542104,
              21.25436292255741
            ],
            [
              81.28239922486253,
              21.254453436694465
            ]
          ],
          [
            [
              81.28876031354355,
              21.254352309157078
            ],
            [
              81.28885652010449,
              21.254261791433567
            ]
          ],
          [
            [
              81.30051899720523,
              21.25433176013239
            ],
            [
              81.30051881394468,
              21.25424140760501
            ]
          ],
          [
            [
              81.31169937161631,
              21.254311461163017
            ],
            [
              81.31179556395936,
              21.254220930516677
            ]
          ],
          [
            [
              81.28239922486253,
              21.254453436694465
            ],
            [
              81.2823030141865,
              21.254543950776956
            ]
          ],
          [
            [
              81.28866410686506,
              21.254442826826057
            ],
            [
              81.28876031354355,
              21.254352309157078
            ]
          ],
          [
            [
              81.30061556311983,
              21.254421940834934
            ],
            [
              81.30051899720523,
              21.25433176013239
            ]
          ],
          [
            [
              81.3108321188008,
              21.25440341505136
            ],
            [
              81.31092850134867,
              21.25440323733214
            ]
          ],
          [
            [
              81.31092850134867,
              21.25440323733214
            ],
            [
              81.31102488389553,
              21.254403059557838
            ]
          ],
          [
            [
              81.31102488389553,
              21.254403059557838
            ],
            [
              81.3111212664414,
              21.254402881728435
            ]
          ],
          [
            [
              81.3111212664414,
              21.254402881728435
            ],
            [
              81.31121764898626,
              21.25440270384393
            ]
          ],
          [
            [
              81.31121764898626,
              21.25440270384393
            ],
            [
              81.31131403153012,
              21.254402525904336
            ]
          ],
          [
            [
              81.31131403153012,
              21.254402525904336
            ],
            [
              81.31141041407298,
              21.254402347909643
            ]
          ],
          [
            [
              81.31141041407298,
              21.254402347909643
            ],
            [
              81.31150679661484,
              21.254402169859848
            ]
          ],
          [
            [
              81.31150679661484,
              21.254402169859848
            ],
            [
              81.3116031791557,
              21.25440199175496
            ]
          ],
          [
            [
              81.3116031791557,
              21.25440199175496
            ],
            [
              81.31169937161631,
              21.254311461163017
            ]
          ],
          [
            [
              81.2823030141865,
              21.254543950776956
            ],
            [
              81.2822068033929,
              21.254634464804877
            ]
          ],
          [
            [
              81.28856790006901,
              21.25453334444051
            ],
            [
              81.28866410686506,
              21.254442826826057
            ]
          ],
          [
            [
              81.30071212915196,
              21.25451212147981
            ],
            [
              81.30061556311983,
              21.254421940834934
            ]
          ],
          [
            [
              81.2822068033929,
              21.254634464804877
            ],
            [
              81.28211059248176,
              21.25472497877824
            ]
          ],
          [
            [
              81.28847169315543,
              21.254623862000425
            ],
            [
              81.28856790006901,
              21.25453334444051
            ]
          ],
          [
            [
              81.30080869530167,
              21.254602302067013
            ],
            [
              81.30071212915196,
              21.25451212147981
            ]
          ],
          [
            [
              81.30090507806938,
              21.25460213007625
            ],
            [
              81.30080869530167,
              21.254602302067013
            ]
          ],
          [
            [
              81.28211059248176,
              21.25472497877824
            ],
            [
              81.28211076452111,
              21.25481533144879
            ]
          ],
          [
            [
              81.2883754861243,
              21.25471437950582
            ],
            [
              81.28847169315543,
              21.254623862000425
            ]
          ],
          [
            [
              81.30090526156889,
              21.25469248259656
            ],
            [
              81.30090507806938,
              21.25460213007625
            ]
          ],
          [
            [
              81.28211076452111,
              21.25481533144879
            ],
            [
              81.28201455343455,
              21.254905845367368
            ]
          ],
          [
            [
              81.28827927897561,
              21.25480489695667
            ],
            [
              81.2883754861243,
              21.25471437950582
            ]
          ],
          [
            [
              81.30100182795368,
              21.254782663068433
            ],
            [
              81.30090526156889,
              21.25469248259656
            ]
          ],
          [
            [
              81.28201455343455,
              21.254905845367368
            ],
            [
              81.28191834223043,
              21.254996359231374
            ]
          ],
          [
            [
              81.28818307170937,
              21.254895414352994
            ],
            [
              81.28827927897561,
              21.25480489695667
            ]
          ],
          [
            [
              81.30109839445602,
              21.254872843482644
            ],
            [
              81.30100182795368,
              21.254782663068433
            ]
          ],
          [
            [
              81.28191834223043,
              21.254996359231374
            ],
            [
              81.28191851415495,
              21.255086711900518
            ]
          ],
          [
            [
              81.28808686432558,
              21.254985931694776
            ],
            [
              81.28818307170937,
              21.254895414352994
            ]
          ],
          [
            [
              81.30119496107591,
              21.25496302383918
            ],
            [
              81.30109839445602,
              21.254872843482644
            ]
          ],
          [
            [
              81.28191851415495,
              21.255086711900518
            ],
            [
              81.28182230277542,
              21.25517722570974
            ]
          ],
          [
            [
              81.28799065682423,
              21.255076448982035
            ],
            [
              81.28808686432558,
              21.254985931694776
            ]
          ],
          [
            [
              81.30129152781333,
              21.255053204138047
            ],
            [
              81.30119496107591,
              21.25496302383918
            ]
          ],
          [
            [
              81.28182230277542,
              21.25517722570974
            ],
            [
              81.28172609127833,
              21.25526773946439
            ]
          ],
          [
            [
              81.28789444920535,
              21.25516696621475
            ],
            [
              81.28799065682423,
              21.255076448982035
            ]
          ],
          [
            [
              81.30138809466833,
              21.25514338437924
            ],
            [
              81.30129152781333,
              21.255053204138047
            ]
          ],
          [
            [
              81.28134055781067,
              21.2552683832602
            ],
            [
              81.28124417444148,
              21.25526854407141
            ]
          ],
          [
            [
              81.28143694117894,
              21.2552682223939
            ],
            [
              81.28134055781067,
              21.2552683832602
            ]
          ],
          [
            [
              81.28162970791277,
              21.255267900495998
            ],
            [
              81.28162987966368,
              21.255358253164477
            ]
          ],
          [
            [
              81.28172609127833,
              21.25526773946439
            ],
            [
              81.28162970791277,
              21.255267900495998
            ]
          ],
          [
            [
              81.28779824146889,
              21.255257483392928
            ],
            [
              81.28789444920535,
              21.25516696621475
            ]
          ],
          [
            [
              81.30138827846754,
              21.255233736889725
            ],
            [
              81.30138809466833,
              21.25514338437924
            ]
          ],
          [
            [
              81.28153349623845,
              21.255358414141728
            ],
            [
              81.28143694117894,
              21.2552682223939
            ]
          ],
          [
            [
              81.28162987966368,
              21.255358253164477
            ],
            [
              81.28153349623845,
              21.255358414141728
            ]
          ],
          [
            [
              81.28770203361489,
              21.255348000516577
            ],
            [
              81.28779824146889,
              21.255257483392928
            ]
          ],
          [
            [
              81.30138846226772,
              21.255324089399238
            ],
            [
              81.30138827846754,
              21.255233736889725
            ]
          ],
          [
            [
              81.28760582564335,
              21.25543851758568
            ],
            [
              81.28770203361489,
              21.255348000516577
            ]
          ],
          [
            [
              81.30138864606887,
              21.25541444190778
            ],
            [
              81.30138846226772,
              21.255324089399238
            ]
          ],
          [
            [
              81.28750961755424,
              21.255529034600244
            ],
            [
              81.28760582564335,
              21.25543851758568
            ]
          ],
          [
            [
              81.29608774415541,
              21.255514187676525
            ],
            [
              81.29608792472573,
              21.25560454022684
            ]
          ],
          [
            [
              81.30138882987099,
              21.255504794415362
            ],
            [
              81.30138864606887,
              21.25541444190778
            ]
          ],
          [
            [
              81.28741340934758,
              21.255619551560272
            ],
            [
              81.28750961755424,
              21.255529034600244
            ]
          ],
          [
            [
              81.29608792472573,
              21.25560454022684
            ],
            [
              81.29599172177598,
              21.25569506202153
            ]
          ],
          [
            [
              81.30138901367408,
              21.255595146921966
            ],
            [
              81.30138882987099,
              21.255504794415362
            ]
          ],
          [
            [
              81.28731720102336,
              21.25571006846576
            ],
            [
              81.28741340934758,
              21.255619551560272
            ]
          ],
          [
            [
              81.29599172177598,
              21.25569506202153
            ],
            [
              81.29589551870868,
              21.255785583761725
            ]
          ],
          [
            [
              81.30138919747813,
              21.255685499427603
            ],
            [
              81.30138901367408,
              21.255595146921966
            ]
          ],
          [
            [
              81.28722099258157,
              21.255800585316702
            ],
            [
              81.28731720102336,
              21.25571006846576
            ]
          ],
          [
            [
              81.29589551870868,
              21.255785583761725
            ],
            [
              81.2957993155238,
              21.25587610544742
            ]
          ],
          [
            [
              81.30138938128317,
              21.255775851932277
            ],
            [
              81.30138919747813,
              21.255685499427603
            ]
          ],
          [
            [
              81.28722116774709,
              21.255890937935487
            ],
            [
              81.28722099258157,
              21.255800585316702
            ]
          ],
          [
            [
              81.2957993155238,
              21.25587610544742
            ],
            [
              81.29570311222137,
              21.255966627078624
            ]
          ],
          [
            [
              81.30129318150342,
              21.255866376713442
            ],
            [
              81.30138938128317,
              21.255775851932277
            ]
          ],
          [
            [
              81.28731772669627,
              21.255981126319824
            ],
            [
              81.28722116774709,
              21.255890937935487
            ]
          ],
          [
            [
              81.29570311222137,
              21.255966627078624
            ],
            [
              81.29560690880139,
              21.256057148655334
            ]
          ],
          [
            [
              81.3012933652516,
              21.255956729216976
            ],
            [
              81.30129318150342,
              21.255866376713442
            ]
          ],
          [
            [
              81.287414285763,
              21.256071314646555
            ],
            [
              81.28731772669627,
              21.255981126319824
            ]
          ],
          [
            [
              81.29560690880139,
              21.256057148655334
            ],
            [
              81.29551070526385,
              21.256147670177537
            ]
          ],
          [
            [
              81.30129354900075,
              21.256047081719537
            ],
            [
              81.3012933652516,
              21.255956729216976
            ]
          ],
          [
            [
              81.28751084494729,
              21.256161502915685
            ],
            [
              81.287414285763,
              21.256071314646555
            ]
          ],
          [
            [
              81.28760722884479,
              21.25616133851537
            ],
            [
              81.28751084494729,
              21.256161502915685
            ]
          ],
          [
            [
              81.28770361274137,
              21.256161174059947
            ],
            [
              81.28760722884479,
              21.25616133851537
            ]
          ],
          [
            [
              81.28779999663702,
              21.256161009549427
            ],
            [
              81.28770361274137,
              21.256161174059947
            ]
          ],
          [
            [
              81.28789638053175,
              21.2561608449838
            ],
            [
              81.28779999663702,
              21.256161009549427
            ]
          ],
          [
            [
              81.28799276442555,
              21.256160680363077
            ],
            [
              81.28789638053175,
              21.2561608449838
            ]
          ],
          [
            [
              81.28808914831843,
              21.25616051568725
            ],
            [
              81.28799276442555,
              21.256160680363077
            ]
          ],
          [
            [
              81.29551070526385,
              21.256147670177537
            ],
            [
              81.29541450160876,
              21.256238191645245
            ]
          ],
          [
            [
              81.30129373275089,
              21.25613743422113
            ],
            [
              81.30129354900075,
              21.256047081719537
            ]
          ],
          [
            [
              81.2881857079674,
              21.256250703563573
            ],
            [
              81.28808914831843,
              21.25616051568725
            ]
          ],
          [
            [
              81.2882820919172,
              21.256250538776776
            ],
            [
              81.2881857079674,
              21.256250703563573
            ]
          ],
          [
            [
              81.28837847586607,
              21.25625037393487
            ],
            [
              81.2882820919172,
              21.256250538776776
            ]
          ],
          [
            [
              81.28847485981402,
              21.25625020903787
            ],
            [
              81.28837847586607,
              21.25625037393487
            ]
          ],
          [
            [
              81.28857124376106,
              21.256250044085768
            ],
            [
              81.28847485981402,
              21.25625020903787
            ]
          ],
          [
            [
              81.28866762770714,
              21.25624987907856
            ],
            [
              81.28857124376106,
              21.256250044085768
            ]
          ],
          [
            [
              81.29541450160876,
              21.256238191645245
            ],
            [
              81.29531829783609,
              21.256328713058455
            ]
          ],
          [
            [
              81.30129391650198,
              21.256227786721748
            ],
            [
              81.30129373275089,
              21.25613743422113
            ]
          ],
          [
            [
              81.28876418776294,
              21.25634006661793
            ],
            [
              81.28866762770714,
              21.25624987907856
            ]
          ],
          [
            [
              81.29531829783609,
              21.256328713058455
            ],
            [
              81.29522209394587,
              21.256419234417162
            ]
          ],
          [
            [
              81.30129410025403,
              21.256318139221406
            ],
            [
              81.30129391650198,
              21.256227786721748
            ]
          ],
          [
            [
              81.29522209394587,
              21.256419234417162
            ],
            [
              81.29522227399667,
              21.256509586964867
            ]
          ],
          [
            [
              81.30129428400707,
              21.25640849172009
            ],
            [
              81.30129410025403,
              21.256318139221406
            ]
          ],
          [
            [
              81.29522227399667,
              21.256509586964867
            ],
            [
              81.29522245404844,
              21.256599939511595
            ]
          ],
          [
            [
              81.30129446776107,
              21.25649884421781
            ],
            [
              81.30129428400707,
              21.25640849172009
            ]
          ],
          [
            [
              81.29522245404844,
              21.256599939511595
            ],
            [
              81.29512624992499,
              21.256690460815438
            ]
          ],
          [
            [
              81.30139103557202,
              21.25658902443067
            ],
            [
              81.30129446776107,
              21.25649884421781
            ]
          ],
          [
            [
              81.30148741962704,
              21.25658885209169
            ],
            [
              81.30139103557202,
              21.25658902443067
            ]
          ],
          [
            [
              81.30158380368107,
              21.256588679697597
            ],
            [
              81.30148741962704,
              21.25658885209169
            ]
          ],
          [
            [
              81.30168018773416,
              21.25658850724841
            ],
            [
              81.30158380368107,
              21.256588679697597
            ]
          ],
          [
            [
              81.30177657178626,
              21.256588334744116
            ],
            [
              81.30168018773416,
              21.25658850724841
            ]
          ],
          [
            [
              81.3018729558374,
              21.256588162184716
            ],
            [
              81.30177657178626,
              21.256588334744116
            ]
          ],
          [
            [
              81.30196933988755,
              21.256587989570214
            ],
            [
              81.3018729558374,
              21.256588162184716
            ]
          ],
          [
            [
              81.30206572393674,
              21.256587816900613
            ],
            [
              81.30196933988755,
              21.256587989570214
            ]
          ],
          [
            [
              81.30216210798497,
              21.25658764417591
            ],
            [
              81.30206572393674,
              21.256587816900613
            ]
          ],
          [
            [
              81.30225849203221,
              21.2565874713961
            ],
            [
              81.30216210798497,
              21.25658764417591
            ]
          ],
          [
            [
              81.30235487607848,
              21.256587298561186
            ],
            [
              81.30225849203221,
              21.2565874713961
            ]
          ],
          [
            [
              81.30245126012379,
              21.25658712567117
            ],
            [
              81.30235487607848,
              21.256587298561186
            ]
          ],
          [
            [
              81.30254764416813,
              21.256586952726057
            ],
            [
              81.30245126012379,
              21.25658712567117
            ]
          ],
          [
            [
              81.30264402821147,
              21.256586779725833
            ],
            [
              81.30254764416813,
              21.256586952726057
            ]
          ],
          [
            [
              81.30274041225387,
              21.25658660667051
            ],
            [
              81.30264402821147,
              21.256586779725833
            ]
          ],
          [
            [
              81.29512624992499,
              21.256690460815438
            ],
            [
              81.29503004568399,
              21.256780982064775
            ]
          ],
          [
            [
              81.29503004568399,
              21.256780982064775
            ],
            [
              81.2949338413254,
              21.25687150325961
            ]
          ],
          [
            [
              81.2949338413254,
              21.25687150325961
            ],
            [
              81.29483763684928,
              21.256962024399943
            ]
          ],
          [
            [
              81.29483763684928,
              21.256962024399943
            ],
            [
              81.29483781667065,
              21.257052376944962
            ]
          ],
          [
            [
              81.29483781667065,
              21.257052376944962
            ],
            [
              81.29483799649299,
              21.25714272948902
            ]
          ],
          [
            [
              81.3086207781128,
              21.257027708257265
            ],
            [
              81.3087173506752,
              21.257117884209915
            ]
          ],
          [
            [
              81.29483799649299,
              21.25714272948902
            ],
            [
              81.29483817631625,
              21.257233082032112
            ]
          ],
          [
            [
              81.3087173506752,
              21.257117884209915
            ],
            [
              81.30881392335516,
              21.25720806010485
            ]
          ],
          [
            [
              81.29483817631625,
              21.257233082032112
            ],
            [
              81.29483835614047,
              21.25732343457423
            ]
          ],
          [
            [
              81.30881392335516,
              21.25720806010485
            ],
            [
              81.30891049615269,
              21.257298235942073
            ]
          ],
          [
            [
              81.29483835614047,
              21.25732343457423
            ],
            [
              81.29483853596565,
              21.25741378711538
            ]
          ],
          [
            [
              81.30891049615269,
              21.257298235942073
            ],
            [
              81.30900706906776,
              21.25738841172157
            ]
          ],
          [
            [
              81.29483853596565,
              21.25741378711538
            ],
            [
              81.29483871579177,
              21.257504139655566
            ]
          ],
          [
            [
              81.30900706906776,
              21.25738841172157
            ],
            [
              81.30910364210042,
              21.257478587443362
            ]
          ],
          [
            [
              81.29483871579177,
              21.257504139655566
            ],
            [
              81.29483889561884,
              21.257594492194773
            ]
          ],
          [
            [
              81.30910364210042,
              21.257478587443362
            ],
            [
              81.30920021525066,
              21.257568763107425
            ]
          ],
          [
            [
              81.29483889561884,
              21.257594492194773
            ],
            [
              81.29483907544686,
              21.257684844733014
            ]
          ],
          [
            [
              81.30920021525066,
              21.257568763107425
            ],
            [
              81.30929678851845,
              21.257658938713778
            ]
          ],
          [
            [
              81.29483907544686,
              21.257684844733014
            ],
            [
              81.29483925527583,
              21.257775197270288
            ]
          ],
          [
            [
              81.30929678851845,
              21.257658938713778
            ],
            [
              81.30929697716518,
              21.257749291130512
            ]
          ],
          [
            [
              81.29483925527583,
              21.257775197270288
            ],
            [
              81.29493582004893,
              21.25786538120362
            ]
          ],
          [
            [
              81.30929697716518,
              21.257749291130512
            ],
            [
              81.30939355061031,
              21.257839466677343
            ]
          ],
          [
            [
              81.29493582004893,
              21.25786538120362
            ],
            [
              81.2950323849396,
              21.257955565079317
            ]
          ],
          [
            [
              81.30939355061031,
              21.257839466677343
            ],
            [
              81.30949012417302,
              21.257929642166456
            ]
          ],
          [
            [
              81.2950323849396,
              21.257955565079317
            ],
            [
              81.29512894994785,
              21.258045748897363
            ]
          ],
          [
            [
              81.29638177485424,
              21.257953198069107
            ],
            [
              81.29628557058012,
              21.258043720022027
            ]
          ],
          [
            [
              81.296478159841,
              21.25795302858365
            ],
            [
              81.29638177485424,
              21.257953198069107
            ]
          ],
          [
            [
              81.2965745448268,
              21.257952859043083
            ],
            [
              81.296478159841,
              21.25795302858365
            ]
          ],
          [
            [
              81.29667092981165,
              21.25795268944741
            ],
            [
              81.2965745448268,
              21.257952859043083
            ]
          ],
          [
            [
              81.30949012417302,
              21.257929642166456
            ],
            [
              81.3094903129403,
              21.258019994578643
            ]
          ],
          [
            [
              81.29512894994785,
              21.258045748897363
            ],
            [
              81.29522551507367,
              21.25813593265777
            ]
          ],
          [
            [
              81.29628557058012,
              21.258043720022027
            ],
            [
              81.29618936618843,
              21.25813424192046
            ]
          ],
          [
            [
              81.2967674958031,
              21.258042872315258
            ],
            [
              81.29667092981165,
              21.25795268944741
            ]
          ],
          [
            [
              81.3094903129403,
              21.258019994578643
            ],
            [
              81.30958688668036,
              21.258110170008234
            ]
          ],
          [
            [
              81.29522551507367,
              21.25813593265777
            ],
            [
              81.29532208031706,
              21.25822611636052
            ]
          ],
          [
            [
              81.29618936618843,
              21.25813424192046
            ],
            [
              81.29609316167918,
              21.25822476376438
            ]
          ],
          [
            [
              81.2968640619121,
              21.258133055125455
            ],
            [
              81.2967674958031,
              21.258042872315258
            ]
          ],
          [
            [
              81.30958688668036,
              21.258110170008234
            ],
            [
              81.30968327165118,
              21.258109992971512
            ]
          ],
          [
            [
              81.30968327165118,
              21.258109992971512
            ],
            [
              81.30977965662098,
              21.258109815879678
            ]
          ],
          [
            [
              81.30977965662098,
              21.258109815879678
            ],
            [
              81.3098760415898,
              21.258109638732737
            ]
          ],
          [
            [
              81.3098760415898,
              21.258109638732737
            ],
            [
              81.30997242655761,
              21.258109461530687
            ]
          ],
          [
            [
              81.30997242655761,
              21.258109461530687
            ],
            [
              81.31006881152443,
              21.25810928427353
            ]
          ],
          [
            [
              81.31006881152443,
              21.25810928427353
            ],
            [
              81.31016538567101,
              21.258199459365745
            ]
          ],
          [
            [
              81.29532208031706,
              21.25822611636052
            ],
            [
              81.29541864567804,
              21.258316300005628
            ]
          ],
          [
            [
              81.29609316167918,
              21.25822476376438
            ],
            [
              81.29599695705234,
              21.2583152855538
            ]
          ],
          [
            [
              81.29696062813868,
              21.25822323787799
            ],
            [
              81.2968640619121,
              21.258133055125455
            ]
          ],
          [
            [
              81.31016538567101,
              21.258199459365745
            ],
            [
              81.31016557485279,
              21.258289811769252
            ]
          ],
          [
            [
              81.29541864567804,
              21.258316300005628
            ],
            [
              81.29551521115657,
              21.258406483593088
            ]
          ],
          [
            [
              81.29599695705234,
              21.2583152855538
            ],
            [
              81.29590075230793,
              21.25840580728872
            ]
          ],
          [
            [
              81.29696080926665,
              21.258313590392124
            ],
            [
              81.29696062813868,
              21.25822323787799
            ]
          ],
          [
            [
              81.31016557485279,
              21.258289811769252
            ],
            [
              81.31016576403555,
              21.258380164171797
            ]
          ],
          [
            [
              81.29551521115657,
              21.258406483593088
            ],
            [
              81.2956117767527,
              21.258496667122895
            ]
          ],
          [
            [
              81.29590075230793,
              21.25840580728872
            ],
            [
              81.29580454744594,
              21.258496328969137
            ]
          ],
          [
            [
              81.29705737567053,
              21.258403773085245
            ],
            [
              81.29696080926665,
              21.258313590392124
            ]
          ],
          [
            [
              81.31016576403555,
              21.258380164171797
            ],
            [
              81.31016595321931,
              21.25847051657336
            ]
          ],
          [
            [
              81.2956117767527,
              21.258496667122895
            ],
            [
              81.29570834246638,
              21.25858685059505
            ]
          ],
          [
            [
              81.29580454744594,
              21.258496328969137
            ],
            [
              81.29570834246638,
              21.25858685059505
            ]
          ],
          [
            [
              81.29705755685922,
              21.258494125596656
            ],
            [
              81.29705737567053,
              21.258403773085245
            ]
          ],
          [
            [
              81.31016595321931,
              21.25847051657336
            ],
            [
              81.31026252766283,
              21.258560691602465
            ]
          ],
          [
            [
              81.28491317116726,
              21.258605441651245
            ],
            [
              81.2849133449505,
              21.25869579425825
            ]
          ],
          [
            [
              81.29570834246638,
              21.25858685059505
            ],
            [
              81.29570852283393,
              21.25867720311556
            ]
          ],
          [
            [
              81.29705773804884,
              21.2585844781071
            ],
            [
              81.29705755685922,
              21.258494125596656
            ]
          ],
          [
            [
              81.298407133444,
              21.25858209481785
            ],
            [
              81.29840731545762,
              21.258672447316236
            ]
          ],
          [
            [
              81.31026252766283,
              21.258560691602465
            ],
            [
              81.3103591022239,
              21.258650866573838
            ]
          ],
          [
            [
              81.2849133449505,
              21.25869579425825
            ],
            [
              81.28481713310663,
              21.258786309743723
            ]
          ],
          [
            [
              81.29570852283393,
              21.25867720311556
            ],
            [
              81.29570870320244,
              21.258767555635103
            ]
          ],
          [
            [
              81.2970579192394,
              21.258674830616574
            ],
            [
              81.29705773804884,
              21.2585844781071
            ]
          ],
          [
            [
              81.29840731545762,
              21.258672447316236
            ],
            [
              81.2984074974722,
              21.258762799813656
            ]
          ],
          [
            [
              81.3103591022239,
              21.258650866573838
            ],
            [
              81.31045567690258,
              21.258741041487486
            ]
          ],
          [
            [
              81.28481713310663,
              21.258786309743723
            ],
            [
              81.28472092114518,
              21.25887682517464
            ]
          ],
          [
            [
              81.29570870320244,
              21.258767555635103
            ],
            [
              81.29570888357188,
              21.258857908153672
            ]
          ],
          [
            [
              81.29705810043095,
              21.258765183125075
            ],
            [
              81.2970579192394,
              21.258674830616574
            ]
          ],
          [
            [
              81.2984074974722,
              21.258762799813656
            ],
            [
              81.29840767948772,
              21.2588531523101
            ]
          ],
          [
            [
              81.31045567690258,
              21.258741041487486
            ],
            [
              81.31055225169882,
              21.25883121634341
            ]
          ],
          [
            [
              81.28472092114518,
              21.25887682517464
            ],
            [
              81.28472109481358,
              21.258967177780253
            ]
          ],
          [
            [
              81.29570888357188,
              21.258857908153672
            ],
            [
              81.29570906394227,
              21.25894826067128
            ]
          ],
          [
            [
              81.29705828162344,
              21.25885553563261
            ],
            [
              81.29705810043095,
              21.258765183125075
            ]
          ],
          [
            [
              81.29715466719139,
              21.2588553657535
            ],
            [
              81.29705810043095,
              21.258765183125075
            ]
          ],
          [
            [
              81.29840767948772,
              21.2588531523101
            ],
            [
              81.29840786150422,
              21.258943504805575
            ]
          ],
          [
            [
              81.31055225169882,
              21.25883121634341
            ],
            [
              81.31064882661263,
              21.25892139114159
            ]
          ],
          [
            [
              81.28472109481358,
              21.258967177780253
            ],
            [
              81.28462488267668,
              21.259057693156393
            ]
          ],
          [
            [
              81.29570906394227,
              21.25894826067128
            ],
            [
              81.29570924431361,
              21.25903861318791
            ]
          ],
          [
            [
              81.29705846281688,
              21.258945888139177
            ],
            [
              81.29705828162344,
              21.25885553563261
            ]
          ],
          [
            [
              81.29715484844363,
              21.258945718259273
            ],
            [
              81.29705828162344,
              21.25885553563261
            ]
          ],
          [
            [
              81.2972512340694,
              21.25894554832426
            ],
            [
              81.29715466719139,
              21.2588553657535
            ]
          ],
          [
            [
              81.29840786150422,
              21.258943504805575
            ],
            [
              81.29840804352166,
              21.25903385730008
            ]
          ],
          [
            [
              81.31064882661263,
              21.25892139114159
            ],
            [
              81.31074540164404,
              21.25901156588204
            ]
          ],
          [
            [
              81.2843357252525,
              21.2590581811402
            ],
            [
              81.28433589868759,
              21.25914853374691
            ]
          ],
          [
            [
              81.28462488267668,
              21.259057693156393
            ],
            [
              81.2845286704222,
              21.259148208477963
            ]
          ],
          [
            [
              81.29570924431361,
              21.25903861318791
            ],
            [
              81.29570942468591,
              21.259128965703578
            ]
          ],
          [
            [
              81.29705864401127,
              21.259036240644768
            ],
            [
              81.29705846281688,
              21.258945888139177
            ]
          ],
          [
            [
              81.29725141538138,
              21.259035900828277
            ],
            [
              81.29715484844363,
              21.258945718259273
            ]
          ],
          [
            [
              81.29734780106502,
              21.259035730837365
            ],
            [
              81.2972512340694,
              21.25894554832426
            ]
          ],
          [
            [
              81.29840804352166,
              21.25903385730008
            ],
            [
              81.29840822554007,
              21.25912420979362
            ]
          ],
          [
            [
              81.31074540164404,
              21.25901156588204
            ],
            [
              81.31084197679301,
              21.259101740564766
            ]
          ],
          [
            [
              81.28433589868759,
              21.25914853374691
            ],
            [
              81.28433607212358,
              21.259238886352644
            ]
          ],
          [
            [
              81.2845286704222,
              21.259148208477963
            ],
            [
              81.28443245805013,
              21.259238723744968
            ]
          ],
          [
            [
              81.29570942468591,
              21.259128965703578
            ],
            [
              81.29570960505917,
              21.25921931821827
            ]
          ],
          [
            [
              81.29705882520663,
              21.2591265931494
            ],
            [
              81.29705864401127,
              21.259036240644768
            ]
          ],
          [
            [
              81.29734798243673,
              21.259126083339623
            ],
            [
              81.29725141538138,
              21.259035900828277
            ]
          ],
          [
            [
              81.29744436817819,
              21.25912591329281
            ],
            [
              81.29734780106502,
              21.259035730837365
            ]
          ],
          [
            [
              81.29840822554007,
              21.25912420979362
            ],
            [
              81.29840840755945,
              21.259214562286193
            ]
          ],
          [
            [
              81.31084197679301,
              21.259101740564766
            ],
            [
              81.31093855205958,
              21.259191915189756
            ]
          ],
          [
            [
              81.28433607212358,
              21.259238886352644
            ],
            [
              81.2843362455605,
              21.25932923895741
            ]
          ],
          [
            [
              81.28443245805013,
              21.259238723744968
            ],
            [
              81.2843362455605,
              21.25932923895741
            ]
          ],
          [
            [
              81.29570960505917,
              21.25921931821827
            ],
            [
              81.29570978543336,
              21.259309670732
            ]
          ],
          [
            [
              81.29705900640295,
              21.25921694565306
            ],
            [
              81.29705882520663,
              21.2591265931494
            ]
          ],
          [
            [
              81.29744454960966,
              21.259216265793306
            ],
            [
              81.29734798243673,
              21.259126083339623
            ]
          ],
          [
            [
              81.29754093540896,
              21.25921609569059
            ],
            [
              81.29744436817819,
              21.25912591329281
            ]
          ],
          [
            [
              81.29840840755945,
              21.259214562286193
            ],
            [
              81.29831220373033,
              21.259305085377292
            ]
          ],
          [
            [
              81.31093855205958,
              21.259191915189756
            ],
            [
              81.31093874172262,
              21.25928226757599
            ]
          ],
          [
            [
              81.2843362455605,
              21.25932923895741
            ],
            [
              81.28433641899831,
              21.259419591561205
            ]
          ],
          [
            [
              81.29570978543336,
              21.259309670732
            ],
            [
              81.29570996580851,
              21.259400023244762
            ]
          ],
          [
            [
              81.29705918760021,
              21.25930729815574
            ],
            [
              81.29705900640295,
              21.25921694565306
            ]
          ],
          [
            [
              81.29754111690018,
              21.25930644818932
            ],
            [
              81.29744454960966,
              21.259216265793306
            ]
          ],
          [
            [
              81.29763750275728,
              21.259306278030706
            ],
            [
              81.29754093540896,
              21.25921609569059
            ]
          ],
          [
            [
              81.29831220373033,
              21.259305085377292
            ],
            [
              81.29831238569282,
              21.25939543786871
            ]
          ],
          [
            [
              81.31093874172262,
              21.25928226757599
            ],
            [
              81.31093893138669,
              21.25937261996126
            ]
          ],
          [
            [
              81.28433641899831,
              21.259419591561205
            ],
            [
              81.28433659243706,
              21.259509944164037
            ]
          ],
          [
            [
              81.29570996580851,
              21.259400023244762
            ],
            [
              81.29571014618462,
              21.25949037575655
            ]
          ],
          [
            [
              81.29715575471913,
              21.25939748077361
            ],
            [
              81.29705918760021,
              21.25930729815574
            ]
          ],
          [
            [
              81.29763768430826,
              21.25939663052768
            ],
            [
              81.29754111690018,
              21.25930644818932
            ]
          ],
          [
            [
              81.29773407022321,
              21.259396460313162
            ],
            [
              81.29763750275728,
              21.259306278030706
            ]
          ],
          [
            [
              81.29831238569282,
              21.25939543786871
            ],
            [
              81.29831256765628,
              21.25948579035917
            ]
          ],
          [
            [
              81.31093893138669,
              21.25937261996126
            ],
            [
              81.31093912105175,
              21.259462972345553
            ]
          ],
          [
            [
              81.28433659243706,
              21.259509944164037
            ],
            [
              81.2843367658767,
              21.259600296765893
            ]
          ],
          [
            [
              81.29571014618462,
              21.25949037575655
            ],
            [
              81.29571032656168,
              21.259580728267366
            ]
          ],
          [
            [
              81.29725232195563,
              21.259487663333815
            ],
            [
              81.29715575471913,
              21.25939748077361
            ]
          ],
          [
            [
              81.29773425183393,
              21.259486812808365
            ],
            [
              81.29763768430826,
              21.25939663052768
            ]
          ],
          [
            [
              81.29783063780673,
              21.259486642537954
            ],
            [
              81.29773407022321,
              21.259396460313162
            ]
          ],
          [
            [
              81.29831256765628,
              21.25948579035917
            ],
            [
              81.2983127496207,
              21.259576142848655
            ]
          ],
          [
            [
              81.31093912105175,
              21.259462972345553
            ],
            [
              81.3109393107178,
              21.259553324728884
            ]
          ],
          [
            [
              81.31267406599432,
              21.259459763142157
            ],
            [
              81.31277045181493,
              21.25945958432953
            ]
          ],
          [
            [
              81.31277045181493,
              21.25945958432953
            ],
            [
              81.31286664679367,
              21.259369053094083
            ]
          ],
          [
            [
              81.2843367658767,
              21.259600296765893
            ],
            [
              81.28433693931727,
              21.259690649366785
            ]
          ],
          [
            [
              81.28520424129923,
              21.259598831285572
            ],
            [
              81.28510802905575,
              21.259689346931996
            ]
          ],
          [
            [
              81.28530062745271,
              21.259598668178864
            ],
            [
              81.28520424129923,
              21.259598831285572
            ]
          ],
          [
            [
              81.28539701360526,
              21.25959850501705
            ],
            [
              81.28530062745271,
              21.259598668178864
            ]
          ],
          [
            [
              81.2854933997569,
              21.25959834180012
            ],
            [
              81.28539701360526,
              21.25959850501705
            ]
          ],
          [
            [
              81.28558978590763,
              21.25959817852808
            ],
            [
              81.2854933997569,
              21.25959834180012
            ]
          ],
          [
            [
              81.28568617205744,
              21.259598015200925
            ],
            [
              81.28558978590763,
              21.25959817852808
            ]
          ],
          [
            [
              81.29571032656168,
              21.259580728267366
            ],
            [
              81.2956141208283,
              21.259671249836767
            ]
          ],
          [
            [
              81.2973488893097,
              21.259577845836358
            ],
            [
              81.29725232195563,
              21.259487663333815
            ]
          ],
          [
            [
              81.29783081947718,
              21.259576995031402
            ],
            [
              81.29773425183393,
              21.259486812808365
            ]
          ],
          [
            [
              81.2979272055078,
              21.25957682470508
            ],
            [
              81.29783063780673,
              21.259486642537954
            ]
          ],
          [
            [
              81.2983127496207,
              21.259576142848655
            ],
            [
              81.29821654550051,
              21.259666665884737
            ]
          ],
          [
            [
              81.3109393107178,
              21.259553324728884
            ],
            [
              81.31093950038485,
              21.25964367711124
            ]
          ],
          [
            [
              81.31228871319098,
              21.2595508302133
            ],
            [
              81.31238509907439,
              21.259550651620277
            ]
          ],
          [
            [
              81.31238509907439,
              21.259550651620277
            ],
            [
              81.3124814849568,
              21.25955047297215
            ]
          ],
          [
            [
              81.3124814849568,
              21.25955047297215
            ],
            [
              81.31257787083821,
              21.259550294268905
            ]
          ],
          [
            [
              81.31257787083821,
              21.259550294268905
            ],
            [
              81.31267406599432,
              21.259459763142157
            ]
          ],
          [
            [
              81.28433693931727,
              21.259690649366785
            ],
            [
              81.28433711275876,
              21.259781001966708
            ]
          ],
          [
            [
              81.28510802905575,
              21.259689346931996
            ],
            [
              81.28501181669468,
              21.259779862523857
            ]
          ],
          [
            [
              81.2956141208283,
              21.259671249836767
            ],
            [
              81.29561430114848,
              21.25976160234643
            ]
          ],
          [
            [
              81.29744545678138,
              21.259668028281236
            ],
            [
              81.2973488893097,
              21.259577845836358
            ]
          ],
          [
            [
              81.29792738723802,
              21.259667177196764
            ],
            [
              81.29783081947718,
              21.259576995031402
            ]
          ],
          [
            [
              81.29802377332648,
              21.25966700681453
            ],
            [
              81.2979272055078,
              21.25957682470508
            ]
          ],
          [
            [
              81.29812015941397,
              21.259666836377193
            ],
            [
              81.29812034126273,
              21.259757188866324
            ]
          ],
          [
            [
              81.29821654550051,
              21.259666665884737
            ],
            [
              81.29812015941397,
              21.259666836377193
            ]
          ],
          [
            [
              81.30631297331476,
              21.2596521477701
            ],
            [
              81.30631316016083,
              21.259742500190892
            ]
          ],
          [
            [
              81.31093950038485,
              21.25964367711124
            ],
            [
              81.31103607606795,
              21.25973385166951
            ]
          ],
          [
            [
              81.3121925177379,
              21.259641361122785
            ],
            [
              81.31228871319098,
              21.2595508302133
            ]
          ],
          [
            [
              81.28433711275876,
              21.259781001966708
            ],
            [
              81.28433728620116,
              21.259871354565654
            ]
          ],
          [
            [
              81.28501181669468,
              21.259779862523857
            ],
            [
              81.28491560421602,
              21.25987037806115
            ]
          ],
          [
            [
              81.29561430114848,
              21.25976160234643
            ],
            [
              81.29561448146958,
              21.25985195485513
            ]
          ],
          [
            [
              81.29744563821858,
              21.259758380775917
            ],
            [
              81.29744545678138,
              21.259668028281236
            ]
          ],
          [
            [
              81.29802395511643,
              21.259757359304462
            ],
            [
              81.29792738723802,
              21.259667177196764
            ]
          ],
          [
            [
              81.29812034126273,
              21.259757188866324
            ],
            [
              81.29802377332648,
              21.25966700681453
            ]
          ],
          [
            [
              81.30149385577654,
              21.259751188811094
            ],
            [
              81.30139765351264,
              21.259841713639197
            ]
          ],
          [
            [
              81.3015902418881,
              21.259751016388932
            ],
            [
              81.30149385577654,
              21.259751188811094
            ]
          ],
          [
            [
              81.3016866279987,
              21.25975084391166
            ],
            [
              81.3015902418881,
              21.259751016388932
            ]
          ],
          [
            [
              81.30178301410834,
              21.25975067137927
            ],
            [
              81.3016866279987,
              21.25975084391166
            ]
          ],
          [
            [
              81.301879400217,
              21.259750498791767
            ],
            [
              81.30178301410834,
              21.25975067137927
            ]
          ],
          [
            [
              81.30197578632469,
              21.259750326149156
            ],
            [
              81.301879400217,
              21.259750498791767
            ]
          ],
          [
            [
              81.30207217243141,
              21.25975015345143
            ],
            [
              81.30197578632469,
              21.259750326149156
            ]
          ],
          [
            [
              81.30631316016083,
              21.259742500190892
            ],
            [
              81.30631334700786,
              21.259832852610725
            ]
          ],
          [
            [
              81.31103607606795,
              21.25973385166951
            ],
            [
              81.31113265186863,
              21.259824026170048
            ]
          ],
          [
            [
              81.31151800612811,
              21.259732961727256
            ],
            [
              81.31161439213714,
              21.259732783573465
            ]
          ],
          [
            [
              81.31161439213714,
              21.259732783573465
            ],
            [
              81.31171077814516,
              21.25973260536456
            ]
          ],
          [
            [
              81.31171077814516,
              21.25973260536456
            ],
            [
              81.31180716415219,
              21.259732427100555
            ]
          ],
          [
            [
              81.31180716415219,
              21.259732427100555
            ],
            [
              81.3119035501582,
              21.259732248781432
            ]
          ],
          [
            [
              81.3119035501582,
              21.259732248781432
            ],
            [
              81.31199993616322,
              21.259732070407203
            ]
          ],
          [
            [
              81.31199993616322,
              21.259732070407203
            ],
            [
              81.31209632216724,
              21.259731891977857
            ]
          ],
          [
            [
              81.31209632216724,
              21.259731891977857
            ],
            [
              81.3121925177379,
              21.259641361122785
            ]
          ],
          [
            [
              81.28433728620116,
              21.259871354565654
            ],
            [
              81.28433745964448,
              21.259961707163637
            ]
          ],
          [
            [
              81.28491560421602,
              21.25987037806115
            ],
            [
              81.28481939161978,
              21.259960893543884
            ]
          ],
          [
            [
              81.29561448146958,
              21.25985195485513
            ],
            [
              81.29561466179166,
              21.259942307362856
            ]
          ],
          [
            [
              81.29744581965674,
              21.259848733269624
            ],
            [
              81.29744563821858,
              21.259758380775917
            ]
          ],
          [
            [
              81.29812052311244,
              21.25984754135449
            ],
            [
              81.29802395511643,
              21.259757359304462
            ]
          ],
          [
            [
              81.30139765351264,
              21.259841713639197
            ],
            [
              81.30130145113115,
              21.25993223841283
            ]
          ],
          [
            [
              81.30631334700786,
              21.259832852610725
            ],
            [
              81.3063135338559,
              21.259923205029583
            ]
          ],
          [
            [
              81.31113265186863,
              21.259824026170048
            ],
            [
              81.31122903794045,
              21.25982384823588
            ]
          ],
          [
            [
              81.31122903794045,
              21.25982384823588
            ],
            [
              81.31132542401127,
              21.259823670246597
            ]
          ],
          [
            [
              81.31132542401127,
              21.259823670246597
            ],
            [
              81.3114218100811,
              21.259823492202212
            ]
          ],
          [
            [
              81.3114218100811,
              21.259823492202212
            ],
            [
              81.31151800612811,
              21.259732961727256
            ]
          ],
          [
            [
              81.31200012647899,
              21.259822422778505
            ],
            [
              81.31209632216724,
              21.259731891977857
            ]
          ],
          [
            [
              81.28433745964448,
              21.259961707163637
            ],
            [
              81.2843376330887,
              21.260052059760653
            ]
          ],
          [
            [
              81.28481939161978,
              21.259960893543884
            ],
            [
              81.28472317890594,
              21.260051408972043
            ]
          ],
          [
            [
              81.29561466179166,
              21.259942307362856
            ],
            [
              81.29551845576718,
              21.260032828877197
            ]
          ],
          [
            [
              81.29744600109588,
              21.259939085762365
            ],
            [
              81.29744581965674,
              21.259848733269624
            ]
          ],
          [
            [
              81.29821709122602,
              21.25993772334685
            ],
            [
              81.29812052311244,
              21.25984754135449
            ]
          ],
          [
            [
              81.3012050648991,
              21.259932410671258
            ],
            [
              81.30110886234027,
              21.260022935336096
            ]
          ],
          [
            [
              81.30130145113115,
              21.25993223841283
            ],
            [
              81.3012050648991,
              21.259932410671258
            ]
          ],
          [
            [
              81.3063135338559,
              21.259923205029583
            ],
            [
              81.3063137207049,
              21.260013557447472
            ]
          ],
          [
            [
              81.31200031679576,
              21.259912775148837
            ],
            [
              81.31200012647899,
              21.259822422778505
            ]
          ],
          [
            [
              81.2843376330887,
              21.260052059760653
            ],
            [
              81.28433780653384,
              21.260142412356693
            ]
          ],
          [
            [
              81.28472317890594,
              21.260051408972043
            ],
            [
              81.28462696607453,
              21.26014192434564
            ]
          ],
          [
            [
              81.29551845576718,
              21.260032828877197
            ],
            [
              81.29542224962512,
              21.260123350337025
            ]
          ],
          [
            [
              81.29744618253596,
              21.260029438254133
            ],
            [
              81.29744600109588,
              21.259939085762365
            ]
          ],
          [
            [
              81.29831365945721,
              21.26002790528155
            ],
            [
              81.29821709122602,
              21.25993772334685
            ]
          ],
          [
            [
              81.29841004577699,
              21.260027734675695
            ],
            [
              81.29831365945721,
              21.26002790528155
            ]
          ],
          [
            [
              81.29850643209582,
              21.260027564014727
            ],
            [
              81.29841004577699,
              21.260027734675695
            ]
          ],
          [
            [
              81.29860281841368,
              21.260027393298657
            ],
            [
              81.29850643209582,
              21.260027564014727
            ]
          ],
          [
            [
              81.2986992047306,
              21.26002722252746
            ],
            [
              81.29860281841368,
              21.260027393298657
            ]
          ],
          [
            [
              81.29879559104654,
              21.26002705170116
            ],
            [
              81.2986992047306,
              21.26002722252746
            ]
          ],
          [
            [
              81.29927752261186,
              21.260026196742956
            ],
            [
              81.29918131880004,
              21.260116720321342
            ]
          ],
          [
            [
              81.29937390892204,
              21.260026025585976
            ],
            [
              81.29927752261186,
              21.260026196742956
            ]
          ],
          [
            [
              81.29947029523126,
              21.26002585437389
            ],
            [
              81.29937390892204,
              21.260026025585976
            ]
          ],
          [
            [
              81.2995666815395,
              21.260025683106687
            ],
            [
              81.29947029523126,
              21.26002585437389
            ]
          ],
          [
            [
              81.2996630678468,
              21.260025511784367
            ],
            [
              81.2995666815395,
              21.260025683106687
            ]
          ],
          [
            [
              81.29975945415312,
              21.260025340406937
            ],
            [
              81.2996630678468,
              21.260025511784367
            ]
          ],
          [
            [
              81.29985584045848,
              21.260025168974394
            ],
            [
              81.29975945415312,
              21.260025340406937
            ]
          ],
          [
            [
              81.29995222676287,
              21.260024997486738
            ],
            [
              81.29985584045848,
              21.260025168974394
            ]
          ],
          [
            [
              81.3000486130663,
              21.260024825943976
            ],
            [
              81.29995222676287,
              21.260024997486738
            ]
          ],
          [
            [
              81.30014499936877,
              21.260024654346093
            ],
            [
              81.3000486130663,
              21.260024825943976
            ]
          ],
          [
            [
              81.30024138567026,
              21.260024482693105
            ],
            [
              81.30014499936877,
              21.260024654346093
            ]
          ],
          [
            [
              81.3003377719708,
              21.260024310984992
            ],
            [
              81.30024138567026,
              21.260024482693105
            ]
          ],
          [
            [
              81.30043415827036,
              21.260024139221773
            ],
            [
              81.3003377719708,
              21.260024310984992
            ]
          ],
          [
            [
              81.30101247604746,
              21.2600231074851
            ],
            [
              81.3009162733113,
              21.260113632041147
            ]
          ],
          [
            [
              81.30110886234027,
              21.260022935336096
            ],
            [
              81.30101247604746,
              21.2600231074851
            ]
          ],
          [
            [
              81.3063137207049,
              21.260013557447472
            ],
            [
              81.30631390755491,
              21.26010390986439
            ]
          ],
          [
            [
              81.28433780653384,
              21.260142412356693
            ],
            [
              81.2843379799799,
              21.26023276495177
            ]
          ],
          [
            [
              81.28462696607453,
              21.26014192434564
            ],
            [
              81.28453075312552,
              21.260232439664666
            ]
          ],
          [
            [
              81.29542224962512,
              21.260123350337025
            ],
            [
              81.29532604336548,
              21.26021387174235
            ]
          ],
          [
            [
              81.297446363977,
              21.260119790744934
            ],
            [
              81.29744618253596,
              21.260029438254133
            ]
          ],
          [
            [
              81.29889215968447,
              21.26011723329865
            ],
            [
              81.29879559104654,
              21.26002705170116
            ]
          ],
          [
            [
              81.29898854605729,
              21.260117062361328
            ],
            [
              81.29889215968447,
              21.26011723329865
            ]
          ],
          [
            [
              81.29908493242914,
              21.26011689136889
            ],
            [
              81.29898854605729,
              21.260117062361328
            ]
          ],
          [
            [
              81.29918131880004,
              21.260116720321342
            ],
            [
              81.29908493242914,
              21.26011689136889
            ]
          ],
          [
            [
              81.30053072789138,
              21.260114319868794
            ],
            [
              81.30043415827036,
              21.260024139221773
            ]
          ],
          [
            [
              81.30062711424782,
              21.260114147994557
            ],
            [
              81.30053072789138,
              21.260114319868794
            ]
          ],
          [
            [
              81.30072350060328,
              21.2601139760652
            ],
            [
              81.30062711424782,
              21.260114147994557
            ]
          ],
          [
            [
              81.30081988695777,
              21.260113804080724
            ],
            [
              81.30072350060328,
              21.2601139760652
            ]
          ],
          [
            [
              81.3009162733113,
              21.260113632041147
            ],
            [
              81.30081988695777,
              21.260113804080724
            ]
          ],
          [
            [
              81.30631390755491,
              21.26010390986439
            ],
            [
              81.30631409440589,
              21.260194262280343
            ]
          ],
          [
            [
              81.2843379799799,
              21.26023276495177
            ],
            [
              81.28433815342686,
              21.260323117545877
            ]
          ],
          [
            [
              81.28453075312552,
              21.260232439664666
            ],
            [
              81.28443454005892,
              21.260322954929123
            ]
          ],
          [
            [
              81.29532604336548,
              21.26021387174235
            ],
            [
              81.29522983698824,
              21.260304393093158
            ]
          ],
          [
            [
              81.29744654541899,
              21.260210143234776
            ],
            [
              81.297446363977,
              21.260119790744934
            ]
          ],
          [
            [
              81.30631409440589,
              21.260194262280343
            ],
            [
              81.30631428125785,
              21.260284614695323
            ]
          ],
          [
            [
              81.28433815342686,
              21.260323117545877
            ],
            [
              81.28433832687475,
              21.260413470139014
            ]
          ],
          [
            [
              81.28443454005892,
              21.260322954929123
            ],
            [
              81.28433832687475,
              21.260413470139014
            ]
          ],
          [
            [
              81.29503706393194,
              21.260304730617015
            ],
            [
              81.29494085731764,
              21.260395251804656
            ]
          ],
          [
            [
              81.29513345046057,
              21.260304561882638
            ],
            [
              81.29503706393194,
              21.260304730617015
            ]
          ],
          [
            [
              81.29522983698824,
              21.260304393093158
            ],
            [
              81.29513345046057,
              21.260304561882638
            ]
          ],
          [
            [
              81.29735034035619,
              21.260300665780733
            ],
            [
              81.29744672686193,
              21.260300495723634
            ]
          ],
          [
            [
              81.29744672686193,
              21.260300495723634
            ],
            [
              81.29744654541899,
              21.260210143234776
            ]
          ],
          [
            [
              81.30631428125785,
              21.260284614695323
            ],
            [
              81.30631446811081,
              21.260374967109335
            ]
          ],
          [
            [
              81.28433832687475,
              21.260413470139014
            ],
            [
              81.28433850032356,
              21.260503822731184
            ]
          ],
          [
            [
              81.29494085731764,
              21.260395251804656
            ],
            [
              81.29484465058574,
              21.26048577293778
            ]
          ],
          [
            [
              81.30631446811081,
              21.260374967109335
            ],
            [
              81.30631465496475,
              21.26046531952238
            ]
          ],
          [
            [
              81.28433850032356,
              21.260503822731184
            ],
            [
              81.28433867377326,
              21.260594175322375
            ]
          ],
          [
            [
              81.29330246408728,
              21.26048846345369
            ],
            [
              81.29339885075052,
              21.260488295709806
            ]
          ],
          [
            [
              81.29339885075052,
              21.260488295709806
            ],
            [
              81.29349523741281,
              21.2604881279108
            ]
          ],
          [
            [
              81.29349523741281,
              21.2604881279108
            ],
            [
              81.29359162407417,
              21.26048796005669
            ]
          ],
          [
            [
              81.29359162407417,
              21.26048796005669
            ],
            [
              81.29368818988742,
              21.260578144664073
            ]
          ],
          [
            [
              81.29484465058574,
              21.26048577293778
            ],
            [
              81.29474844373625,
              21.260576294016392
            ]
          ],
          [
            [
              81.30631465496475,
              21.26046531952238
            ],
            [
              81.30631484181968,
              21.26055567193445
            ]
          ],
          [
            [
              81.28433867377326,
              21.260594175322375
            ],
            [
              81.2843388472239,
              21.26068452791261
            ]
          ],
          [
            [
              81.29368818988742,
              21.260578144664073
            ],
            [
              81.29378475581824,
              21.260668329213814
            ]
          ],
          [
            [
              81.29474844373625,
              21.260576294016392
            ],
            [
              81.29465223676918,
              21.260666815040487
            ]
          ],
          [
            [
              81.30631484181968,
              21.26055567193445
            ],
            [
              81.30631502867558,
              21.260646024345554
            ]
          ],
          [
            [
              81.2843388472239,
              21.26068452791261
            ],
            [
              81.28433902067543,
              21.260774880501867
            ]
          ],
          [
            [
              81.29378475581824,
              21.260668329213814
            ],
            [
              81.29388132186666,
              21.260758513705913
            ]
          ],
          [
            [
              81.29465223676918,
              21.260666815040487
            ],
            [
              81.29455602968451,
              21.260757336010066
            ]
          ],
          [
            [
              81.30631502867558,
              21.260646024345554
            ],
            [
              81.30641160224191,
              21.26073620156897
            ]
          ],
          [
            [
              81.28433902067543,
              21.260774880501867
            ],
            [
              81.28433919412791,
              21.260865233090158
            ]
          ],
          [
            [
              81.29388132186666,
              21.260758513705913
            ],
            [
              81.29397788803267,
              21.26084869814036
            ]
          ],
          [
            [
              81.29455602968451,
              21.260757336010066
            ],
            [
              81.29445982248227,
              21.260847856925125
            ]
          ],
          [
            [
              81.30641160224191,
              21.26073620156897
            ],
            [
              81.30650817592581,
              21.260826378734663
            ]
          ],
          [
            [
              81.28433919412791,
              21.260865233090158
            ],
            [
              81.28433936758127,
              21.260955585677475
            ]
          ],
          [
            [
              81.29397788803267,
              21.26084869814036
            ],
            [
              81.29397806736566,
              21.260939050650762
            ]
          ],
          [
            [
              81.29445982248227,
              21.260847856925125
            ],
            [
              81.29436361516241,
              21.260938377785674
            ]
          ],
          [
            [
              81.30650817592581,
              21.260826378734663
            ],
            [
              81.30660474972733,
              21.26091655584266
            ]
          ],
          [
            [
              81.28433936758127,
              21.260955585677475
            ],
            [
              81.28433954103556,
              21.26104593826383
            ]
          ],
          [
            [
              81.29397806736566,
              21.260939050650762
            ],
            [
              81.2939782466996,
              21.261029403160187
            ]
          ],
          [
            [
              81.29436361516241,
              21.260938377785674
            ],
            [
              81.29426740772497,
              21.2610288985917
            ]
          ],
          [
            [
              81.30660474972733,
              21.26091655584266
            ],
            [
              81.30670132364641,
              21.261006732892923
            ]
          ],
          [
            [
              81.28433954103556,
              21.26104593826383
            ],
            [
              81.28433971449077,
              21.261136290849212
            ]
          ],
          [
            [
              81.2939782466996,
              21.261029403160187
            ],
            [
              81.29397842603449,
              21.26111975566865
            ]
          ],
          [
            [
              81.29426740772497,
              21.2610288985917
            ],
            [
              81.29417120016994,
              21.261119419343203
            ]
          ],
          [
            [
              81.30670132364641,
              21.261006732892923
            ],
            [
              81.30670151074243,
              21.261097085295916
            ]
          ],
          [
            [
              81.28433971449077,
              21.261136290849212
            ],
            [
              81.28433988794689,
              21.261226643433627
            ]
          ],
          [
            [
              81.29397842603449,
              21.26111975566865
            ],
            [
              81.29397860537031,
              21.26121010817614
            ]
          ],
          [
            [
              81.29417120016994,
              21.261119419343203
            ],
            [
              81.29407499249731,
              21.261209940040196
            ]
          ],
          [
            [
              81.30670151074243,
              21.261097085295916
            ],
            [
              81.30670169783943,
              21.26118743769794
            ]
          ],
          [
            [
              81.28433988794689,
              21.261226643433627
            ],
            [
              81.28434006140391,
              21.261316996017065
            ]
          ],
          [
            [
              81.29397860537031,
              21.26121010817614
            ],
            [
              81.29397878470708,
              21.26130046068266
            ]
          ],
          [
            [
              81.29407499249731,
              21.261209940040196
            ],
            [
              81.29397878470708,
              21.26130046068266
            ]
          ],
          [
            [
              81.30670169783943,
              21.26118743769794
            ],
            [
              81.30670188493744,
              21.261277790098994
            ]
          ],
          [
            [
              81.28434006140391,
              21.261316996017065
            ],
            [
              81.28434023486186,
              21.26140734859955
            ]
          ],
          [
            [
              81.29397878470708,
              21.26130046068266
            ],
            [
              81.29397896404481,
              21.26139081318821
            ]
          ],
          [
            [
              81.30670188493744,
              21.261277790098994
            ],
            [
              81.30670207203643,
              21.261368142499087
            ]
          ],
          [
            [
              81.28434023486186,
              21.26140734859955
            ],
            [
              81.28434040832072,
              21.261497701181057
            ]
          ],
          [
            [
              81.29397896404481,
              21.26139081318821
            ],
            [
              81.29397914338347,
              21.261481165692793
            ]
          ],
          [
            [
              81.30670207203643,
              21.261368142499087
            ],
            [
              81.30670225913639,
              21.261458494898203
            ]
          ],
          [
            [
              81.28434040832072,
              21.261497701181057
            ],
            [
              81.2843405817805,
              21.261588053761585
            ]
          ],
          [
            [
              81.29397914338347,
              21.261481165692793
            ],
            [
              81.29397932272309,
              21.261571518196405
            ]
          ],
          [
            [
              81.30670225913639,
              21.261458494898203
            ],
            [
              81.30679883347199,
              21.26154867188183
            ]
          ],
          [
            [
              81.2843405817805,
              21.261588053761585
            ],
            [
              81.28434075524119,
              21.261678406341158
            ]
          ],
          [
            [
              81.29397932272309,
              21.261571518196405
            ],
            [
              81.29397950206364,
              21.261661870699054
            ]
          ],
          [
            [
              81.30679883347199,
              21.26154867188183
            ],
            [
              81.30689540792518,
              21.26163884880774
            ]
          ],
          [
            [
              81.28434075524119,
              21.261678406341158
            ],
            [
              81.28434092870279,
              21.261768758919747
            ]
          ],
          [
            [
              81.29397950206364,
              21.261661870699054
            ],
            [
              81.29397968140515,
              21.261752223200723
            ]
          ],
          [
            [
              81.30689540792518,
              21.26163884880774
            ],
            [
              81.30699198249599,
              21.26172902567592
            ]
          ],
          [
            [
              81.28434092870279,
              21.261768758919747
            ],
            [
              81.28434110216531,
              21.261859111497383
            ]
          ],
          [
            [
              81.29397968140515,
              21.261752223200723
            ],
            [
              81.29397986074758,
              21.261842575701433
            ]
          ],
          [
            [
              81.30699198249599,
              21.26172902567592
            ],
            [
              81.30708855718437,
              21.261819202486393
            ]
          ],
          [
            [
              81.28434110216531,
              21.261859111497383
            ],
            [
              81.28434127562875,
              21.261949464074046
            ]
          ],
          [
            [
              81.29397986074758,
              21.261842575701433
            ],
            [
              81.29398004009099,
              21.261932928201166
            ]
          ],
          [
            [
              81.30708855718437,
              21.261819202486393
            ],
            [
              81.30718513199037,
              21.261909379239132
            ]
          ],
          [
            [
              81.28434127562875,
              21.261949464074046
            ],
            [
              81.28434144909309,
              21.262039816649736
            ]
          ],
          [
            [
              81.29398004009099,
              21.261932928201166
            ],
            [
              81.29398021943533,
              21.262023280699932
            ]
          ],
          [
            [
              81.30718513199037,
              21.261909379239132
            ],
            [
              81.30718531939026,
              21.261999731628347
            ]
          ],
          [
            [
              81.28434144909309,
              21.262039816649736
            ],
            [
              81.28434162255836,
              21.262130169224456
            ]
          ],
          [
            [
              81.29398021943533,
              21.262023280699932
            ],
            [
              81.2939803987806,
              21.26211363319773
            ]
          ],
          [
            [
              81.30718531939026,
              21.261999731628347
            ],
            [
              81.30718550679113,
              21.262090084016602
            ]
          ],
          [
            [
              81.28434162255836,
              21.262130169224456
            ],
            [
              81.28434179602453,
              21.262220521798206
            ]
          ],
          [
            [
              81.2939803987806,
              21.26211363319773
            ],
            [
              81.29398057812685,
              21.26220398569456
            ]
          ],
          [
            [
              81.30718550679113,
              21.262090084016602
            ],
            [
              81.30718569419298,
              21.26218043640388
            ]
          ],
          [
            [
              81.28434179602453,
              21.262220521798206
            ],
            [
              81.28443835741724,
              21.26231071173759
            ]
          ],
          [
            [
              81.28829369781035,
              21.262213808662267
            ],
            [
              81.28819748579951,
              21.262304326041992
            ]
          ],
          [
            [
              81.2883900856394,
              21.26221364376974
            ],
            [
              81.28829369781035,
              21.262213808662267
            ]
          ],
          [
            [
              81.28848647346753,
              21.262213478822098
            ],
            [
              81.2883900856394,
              21.26221364376974
            ]
          ],
          [
            [
              81.28858286129471,
              21.262213313819338
            ],
            [
              81.28848647346753,
              21.262213478822098
            ]
          ],
          [
            [
              81.29398057812685,
              21.26220398569456
            ],
            [
              81.29398075747403,
              21.26229433819041
            ]
          ],
          [
            [
              81.30718569419298,
              21.26218043640388
            ],
            [
              81.30718588159584,
              21.262270788790186
            ]
          ],
          [
            [
              81.28443835741724,
              21.26231071173759
            ],
            [
              81.28453491892755,
              21.262400901619383
            ]
          ],
          [
            [
              81.28694444316119,
              21.26230646392237
            ],
            [
              81.28694461821682,
              21.26239681647367
            ]
          ],
          [
            [
              81.28819748579951,
              21.262304326041992
            ],
            [
              81.28810127367106,
              21.26239484336716
            ]
          ],
          [
            [
              81.29398075747403,
              21.26229433819041
            ],
            [
              81.29398093682215,
              21.262384690685305
            ]
          ],
          [
            [
              81.30718588159584,
              21.262270788790186
            ],
            [
              81.30718606899968,
              21.262361141175532
            ]
          ],
          [
            [
              81.28453491892755,
              21.262400901619383
            ],
            [
              81.28463148055546,
              21.26249109144356
            ]
          ],
          [
            [
              81.28694461821682,
              21.26239681647367
            ],
            [
              81.28684840525406,
              21.262487333092025
            ]
          ],
          [
            [
              81.28810127367106,
              21.26239484336716
            ],
            [
              81.28800506142501,
              21.262485360637775
            ]
          ],
          [
            [
              81.29398093682215,
              21.262384690685305
            ],
            [
              81.29398111617121,
              21.262475043179222
            ]
          ],
          [
            [
              81.30718606899968,
              21.262361141175532
            ],
            [
              81.30718625640449,
              21.262451493559894
            ]
          ],
          [
            [
              81.28463148055546,
              21.26249109144356
            ],
            [
              81.28472804230098,
              21.262581281210146
            ]
          ],
          [
            [
              81.28684840525406,
              21.262487333092025
            ],
            [
              81.2867521921737,
              21.262577849655823
            ]
          ],
          [
            [
              81.28694479327339,
              21.262487169023995
            ],
            [
              81.28684840525406,
              21.262487333092025
            ]
          ],
          [
            [
              81.2870411812918,
              21.262487004900848
            ],
            [
              81.28694479327339,
              21.262487169023995
            ]
          ],
          [
            [
              81.28800506142501,
              21.262485360637775
            ],
            [
              81.28800523712931,
              21.262575713178723
            ]
          ],
          [
            [
              81.29398111617121,
              21.262475043179222
            ],
            [
              81.29398129552122,
              21.262565395672173
            ]
          ],
          [
            [
              81.30718625640449,
              21.262451493559894
            ],
            [
              81.30718644381031,
              21.2625418459433
            ]
          ],
          [
            [
              81.28472804230098,
              21.262581281210146
            ],
            [
              81.28472821600694,
              21.26267163377602
            ]
          ],
          [
            [
              81.2867521921737,
              21.262577849655823
            ],
            [
              81.28665597897572,
              21.262668366165048
            ]
          ],
          [
            [
              81.28704135640808,
              21.262577357449445
            ],
            [
              81.2870411812918,
              21.262487004900848
            ]
          ],
          [
            [
              81.28713774448437,
              21.262577193270417
            ],
            [
              81.28704135640808,
              21.262577357449445
            ]
          ],
          [
            [
              81.28723413255973,
              21.262577029036258
            ],
            [
              81.28713774448437,
              21.262577193270417
            ]
          ],
          [
            [
              81.28800523712931,
              21.262575713178723
            ],
            [
              81.28790902470779,
              21.262666230394576
            ]
          ],
          [
            [
              81.29398129552122,
              21.262565395672173
            ],
            [
              81.29398147487218,
              21.262655748164157
            ]
          ],
          [
            [
              81.30718644381031,
              21.2625418459433
            ],
            [
              81.30718663121712,
              21.26263219832573
            ]
          ],
          [
            [
              81.28472821600694,
              21.26267163377602
            ],
            [
              81.2847283897138,
              21.262761986340927
            ]
          ],
          [
            [
              81.28665597897572,
              21.262668366165048
            ],
            [
              81.28655976566014,
              21.26275888261971
            ]
          ],
          [
            [
              81.28733069592778,
              21.262667217292325
            ],
            [
              81.28723413255973,
              21.262577029036258
            ]
          ],
          [
            [
              81.28790902470779,
              21.262666230394576
            ],
            [
              81.28781281216865,
              21.262756747555876
            ]
          ],
          [
            [
              81.29398147487218,
              21.262655748164157
            ],
            [
              81.2939816542241,
              21.26274610065517
            ]
          ],
          [
            [
              81.30718663121712,
              21.26263219832573
            ],
            [
              81.30718681862491,
              21.262722550707196
            ]
          ],
          [
            [
              81.2847283897138,
              21.262761986340927
            ],
            [
              81.28472856342161,
              21.262852338904864
            ]
          ],
          [
            [
              81.28646337746072,
              21.262759046469544
            ],
            [
              81.28636716396781,
              21.262849562815287
            ]
          ],
          [
            [
              81.28655976566014,
              21.26275888261971
            ],
            [
              81.28646337746072,
              21.262759046469544
            ]
          ],
          [
            [
              81.28742725941345,
              21.262757405490763
            ],
            [
              81.28733069592778,
              21.262667217292325
            ]
          ],
          [
            [
              81.28752364760363,
              21.262757241089723
            ],
            [
              81.28742725941345,
              21.262757405490763
            ]
          ],
          [
            [
              81.2876200357929,
              21.262757076633562
            ],
            [
              81.28752364760363,
              21.262757241089723
            ]
          ],
          [
            [
              81.28771642398124,
              21.262756912122274
            ],
            [
              81.2876200357929,
              21.262757076633562
            ]
          ],
          [
            [
              81.28781281216865,
              21.262756747555876
            ],
            [
              81.28771642398124,
              21.262756912122274
            ]
          ],
          [
            [
              81.2939816542241,
              21.26274610065517
            ],
            [
              81.2938854453906,
              21.262836621240112
            ]
          ],
          [
            [
              81.30718681862491,
              21.262722550707196
            ],
            [
              81.30718700603369,
              21.262812903087685
            ]
          ],
          [
            [
              81.28472856342161,
              21.262852338904864
            ],
            [
              81.28472873713031,
              21.262942691467842
            ]
          ],
          [
            [
              81.28636716396781,
              21.262849562815287
            ],
            [
              81.2862709503573,
              21.262940079106457
            ]
          ],
          [
            [
              81.2938854453906,
              21.262836621240112
            ],
            [
              81.2938856246856,
              21.26292697372997
            ]
          ],
          [
            [
              81.30718700603369,
              21.262812903087685
            ],
            [
              81.30718719344345,
              21.262903255467204
            ]
          ],
          [
            [
              81.28472873713031,
              21.262942691467842
            ],
            [
              81.28472891083993,
              21.26303304402984
            ]
          ],
          [
            [
              81.2862709503573,
              21.262940079106457
            ],
            [
              81.28617473662918,
              21.263030595343068
            ]
          ],
          [
            [
              81.2938856246856,
              21.26292697372997
            ],
            [
              81.29378941567664,
              21.2630174942602
            ]
          ],
          [
            [
              81.30718719344345,
              21.262903255467204
            ],
            [
              81.30718738085422,
              21.262993607845765
            ]
          ],
          [
            [
              81.28472891083993,
              21.26303304402984
            ],
            [
              81.28472908455048,
              21.26312339659087
            ]
          ],
          [
            [
              81.28617473662918,
              21.263030595343068
            ],
            [
              81.28607852278346,
              21.263121111525102
            ]
          ],
          [
            [
              81.29378941567664,
              21.2630174942602
            ],
            [
              81.29378959491471,
              21.263107846748902
            ]
          ],
          [
            [
              81.30718738085422,
              21.262993607845765
            ],
            [
              81.30718756826596,
              21.263083960223344
            ]
          ],
          [
            [
              81.28472908455048,
              21.26312339659087
            ],
            [
              81.28472925826193,
              21.26321374915093
            ]
          ],
          [
            [
              81.28501824990126,
              21.26312290784343
            ],
            [
              81.28492203528099,
              21.26321342337291
            ]
          ],
          [
            [
              81.28511463834968,
              21.26312274481737
            ],
            [
              81.28501824990126,
              21.26312290784343
            ]
          ],
          [
            [
              81.2852110267972,
              21.263122581736194
            ],
            [
              81.28511463834968,
              21.26312274481737
            ]
          ],
          [
            [
              81.28530741524378,
              21.26312241859989
            ],
            [
              81.2852110267972,
              21.263122581736194
            ]
          ],
          [
            [
              81.28540380368946,
              21.26312225540847
            ],
            [
              81.28530741524378,
              21.26312241859989
            ]
          ],
          [
            [
              81.28550019213422,
              21.263122092161925
            ],
            [
              81.28540380368946,
              21.26312225540847
            ]
          ],
          [
            [
              81.28559658057806,
              21.263121928860258
            ],
            [
              81.28550019213422,
              21.263122092161925
            ]
          ],
          [
            [
              81.28569296902097,
              21.26312176550347
            ],
            [
              81.28559658057806,
              21.263121928860258
            ]
          ],
          [
            [
              81.28578935746297,
              21.263121602091562
            ],
            [
              81.28569296902097,
              21.26312176550347
            ]
          ],
          [
            [
              81.28588574590405,
              21.26312143862453
            ],
            [
              81.28578935746297,
              21.263121602091562
            ]
          ],
          [
            [
              81.28598213434421,
              21.263121275102378
            ],
            [
              81.28588574590405,
              21.26312143862453
            ]
          ],
          [
            [
              81.28607852278346,
              21.263121111525102
            ],
            [
              81.28598213434421,
              21.263121275102378
            ]
          ],
          [
            [
              81.29378959491471,
              21.263107846748902
            ],
            [
              81.2936933857303,
              21.263198367224415
            ]
          ],
          [
            [
              81.30718756826596,
              21.263083960223344
            ],
            [
              81.30728414396681,
              21.26317413689514
            ]
          ],
          [
            [
              81.28472925826193,
              21.26321374915093
            ],
            [
              81.2847294319743,
              21.263304101710027
            ]
          ],
          [
            [
              81.28492203528099,
              21.26321342337291
            ],
            [
              81.28482582054309,
              21.263303938847816
            ]
          ],
          [
            [
              81.2936933857303,
              21.263198367224415
            ],
            [
              81.29369356491146,
              21.263288719711955
            ]
          ],
          [
            [
              81.30728414396681,
              21.26317413689514
            ],
            [
              81.30728433143933,
              21.263264489269968
            ]
          ],
          [
            [
              81.2847294319743,
              21.263304101710027
            ],
            [
              81.28472960568759,
              21.26339445426815
            ]
          ],
          [
            [
              81.28482582054309,
              21.263303938847816
            ],
            [
              81.28472960568759,
              21.26339445426815
            ]
          ],
          [
            [
              81.29369356491146,
              21.263288719711955
            ],
            [
              81.29359735555158,
              21.263379240132757
            ]
          ],
          [
            [
              81.30728433143933,
              21.263264489269968
            ],
            [
              81.30728451891284,
              21.263354841643828
            ]
          ],
          [
            [
              81.28472960568759,
              21.26339445426815
            ],
            [
              81.2847297794018,
              21.263484806825304
            ]
          ],
          [
            [
              81.29359735555158,
              21.263379240132757
            ],
            [
              81.29350114607408,
              21.263469760499024
            ]
          ],
          [
            [
              81.3049711969032,
              21.26335904338503
            ],
            [
              81.3049713829664,
              21.263449395777464
            ]
          ],
          [
            [
              81.30728451891284,
              21.263354841643828
            ],
            [
              81.30728470638735,
              21.263445194016715
            ]
          ],
          [
            [
              81.28338033769624,
              21.263487081129526
            ],
            [
              81.28347689934608,
              21.263577271603534
            ]
          ],
          [
            [
              81.2847297794018,
              21.263484806825304
            ],
            [
              81.28472995311691,
              21.26357515938149
            ]
          ],
          [
            [
              81.29350114607408,
              21.263469760499024
            ],
            [
              81.29350132514047,
              21.26356011298522
            ]
          ],
          [
            [
              81.3049713829664,
              21.263449395777464
            ],
            [
              81.30497156903057,
              21.263539748168927
            ]
          ],
          [
            [
              81.30728470638735,
              21.263445194016715
            ],
            [
              81.30728489386284,
              21.263535546388635
            ]
          ],
          [
            [
              81.28347689934608,
              21.263577271603534
            ],
            [
              81.28338068348084,
              21.263667786262086
            ]
          ],
          [
            [
              81.28472995311691,
              21.26357515938149
            ],
            [
              81.28473012683294,
              21.263665511936704
            ]
          ],
          [
            [
              81.29350132514047,
              21.26356011298522
            ],
            [
              81.29350150420781,
              21.263650465470445
            ]
          ],
          [
            [
              81.30497156903057,
              21.263539748168927
            ],
            [
              81.30506795757655,
              21.263539573728657
            ]
          ],
          [
            [
              81.30506795757655,
              21.263539573728657
            ],
            [
              81.30506814370052,
              21.26362992611834
            ]
          ],
          [
            [
              81.30728489386284,
              21.263535546388635
            ],
            [
              81.30728508133932,
              21.26362589875958
            ]
          ],
          [
            [
              81.28328429466315,
              21.263667948300473
            ],
            [
              81.28318807862057,
              21.26375846285007
            ]
          ],
          [
            [
              81.28338068348084,
              21.263667786262086
            ],
            [
              81.28328429466315,
              21.263667948300473
            ]
          ],
          [
            [
              81.28473012683294,
              21.263665511936704
            ],
            [
              81.28482668941271,
              21.263755701624955
            ]
          ],
          [
            [
              81.29350150420781,
              21.263650465470445
            ],
            [
              81.29350168327609,
              21.263740817954698
            ]
          ],
          [
            [
              81.29388705907958,
              21.26364979361391
            ],
            [
              81.29398362715746,
              21.26373997799232
            ]
          ],
          [
            [
              81.30506814370052,
              21.26362992611834
            ],
            [
              81.30506832982546,
              21.263720278507055
            ]
          ],
          [
            [
              81.30728508133932,
              21.26362589875958
            ],
            [
              81.30718888017581,
              21.263716426839284
            ]
          ],
          [
            [
              81.29350168327609,
              21.263740817954698
            ],
            [
              81.29359807205425,
              21.26374065007247
            ]
          ],
          [
            [
              81.29359807205425,
              21.26374065007247
            ],
            [
              81.29369446083146,
              21.263740482135116
            ]
          ],
          [
            [
              81.29369446083146,
              21.263740482135116
            ],
            [
              81.29379084960775,
              21.263740314142645
            ]
          ],
          [
            [
              81.29379084960775,
              21.263740314142645
            ],
            [
              81.29388705907958,
              21.26364979361391
            ]
          ]
        ]
      }
    },
    {
      "type": "Feature",
      "properties": {
        "name": "Recommended Pond Storage Location (Rank 1)",
        "feature_type": "pond_candidate",
        "site_id": "pond_site_1",
        "candidate_type": "valley_storage",
        "suitability_score": 98.4,
        "elevation_m": 271.0,
        "local_slope_percent": 0.33,
        "depression_depth_m": 3.01,
        "recommended_capacity_m3": 36239.0,
        "selection_rationale": "Located in a natural topographic bowl (3.0m depth) reducing excavation; Substantial upstream drainage (51.8 ha at pour point); flat bed slope (0.3%) for stable embankment.",
        "marker_color": "#00E676",
        "is_primary": true
      },
      "geometry": {
        "type": "Point",
        "coordinates": [
          81.28991,
          21.251007
        ]
      }
    },
    {
      "type": "Feature",
      "properties": {
        "name": "Associated Hydrological Pour Point (Rank 1)",
        "feature_type": "pour_point",
        "site_id": "pond_site_1",
        "elevation_m": 270.8,
        "catchment_area_ha": 51.77,
        "drainage_flow_acc_cells": 5177.0,
        "marker_color": "#2979FF"
      },
      "geometry": {
        "type": "Point",
        "coordinates": [
          81.28991,
          21.250646
        ]
      }
    },
    {
      "type": "Feature",
      "properties": {
        "name": "Alternative Pond Site (pond_site_2)",
        "feature_type": "alternative_candidate",
        "site_id": "pond_site_2",
        "rank": 2,
        "candidate_type": "valley_storage",
        "suitability_score": 98.2,
        "elevation_m": 271.0,
        "catchment_area_ha": 44.89,
        "marker_color": "#FF9100",
        "is_primary": false
      },
      "geometry": {
        "type": "Point",
        "coordinates": [
          81.28845,
          21.243691
        ]
      }
    },
    {
      "type": "Feature",
      "properties": {
        "name": "Alternative Pond Site (pond_site_3)",
        "feature_type": "alternative_candidate",
        "site_id": "pond_site_3",
        "rank": 3,
        "candidate_type": "valley_storage",
        "suitability_score": 97.7,
        "elevation_m": 285.0,
        "catchment_area_ha": 41.64,
        "marker_color": "#FF9100",
        "is_primary": false
      },
      "geometry": {
        "type": "Point",
        "coordinates": [
          81.310427,
          21.244917
        ]
      }
    },
    {
      "type": "Feature",
      "properties": {
        "name": "Alternative Pond Site (pond_site_4)",
        "feature_type": "alternative_candidate",
        "site_id": "pond_site_4",
        "rank": 4,
        "candidate_type": "valley_storage",
        "suitability_score": 96.8,
        "elevation_m": 267.0,
        "catchment_area_ha": 55.05,
        "marker_color": "#FF9100",
        "is_primary": false
      },
      "geometry": {
        "type": "Point",
        "coordinates": [
          81.290101,
          21.249923
        ]
      }
    },
    {
      "type": "Feature",
      "properties": {
        "name": "Alternative Pond Site (pond_site_5)",
        "feature_type": "alternative_candidate",
        "site_id": "pond_site_5",
        "rank": 5,
        "candidate_type": "valley_storage",
        "suitability_score": 95.7,
        "elevation_m": 279.0,
        "catchment_area_ha": 45.31,
        "marker_color": "#FF9100",
        "is_primary": false
      },
      "geometry": {
        "type": "Point",
        "coordinates": [
          81.295612,
          21.258497
        ]
      }
    },
    {
      "type": "Feature",
      "properties": {
        "name": "Survey Boundary",
        "feature_type": "survey_boundary",
        "style": {
          "color": "#E91E63",
          "weight": 2,
          "dashArray": "5, 5"
        }
      },
      "geometry": {
        "type": "Polygon",
        "coordinates": [
          [
            [
              81.28140449523926,
              21.263580647220316
            ],
            [
              81.28221988677979,
              21.239902443718645
            ],
            [
              81.31230354309082,
              21.2398224433387
            ],
            [
              81.31264686584473,
              21.26330069069949
            ],
            [
              81.28140449523926,
              21.263580647220316
            ]
          ]
        ]
      }
    }
  ]
}